/*
 Navicat Premium Data Transfer

 Source Server         : 本地mysql
 Source Server Type    : MySQL
 Source Server Version : 80012
 Source Host           : localhost:3306
 Source Schema         : rc-cloud-system

 Target Server Type    : MySQL
 Target Server Version : 80012
 File Encoding         : 65001

 Date: 28/06/2023 08:03:07
*/

SET NAMES utf8mb4;
SET FOREIGN_KEY_CHECKS = 0;

-- ----------------------------
-- Table structure for _temp
-- ----------------------------
DROP TABLE IF EXISTS `_temp`;
CREATE TABLE `_temp`  (
  `id` bigint(20) NOT NULL AUTO_INCREMENT COMMENT 'ID',
  `sort` int(11) NOT NULL DEFAULT 0 COMMENT '显示顺序',
  `status` tinyint(4) NOT NULL DEFAULT 0 COMMENT '状态（0正常 1停用）',
  `creator` varchar(64) CHARACTER SET utf8mb4 COLLATE utf8mb4_general_ci NULL DEFAULT NULL COMMENT '创建者',
  `create_time` datetime NOT NULL DEFAULT CURRENT_TIMESTAMP COMMENT '创建时间',
  `updater` varchar(64) CHARACTER SET utf8mb4 COLLATE utf8mb4_general_ci NULL DEFAULT NULL COMMENT '更新者',
  `update_time` datetime NOT NULL DEFAULT CURRENT_TIMESTAMP ON UPDATE CURRENT_TIMESTAMP COMMENT '更新时间',
  `deleted` bit(1) NOT NULL DEFAULT b'0' COMMENT '是否删除（0正常，1删除）',
  `tenant_id` bigint(20) NOT NULL DEFAULT 0 COMMENT '租户ID',
  PRIMARY KEY (`id`) USING BTREE
) ENGINE = InnoDB AUTO_INCREMENT = 1 CHARACTER SET = utf8mb4 COLLATE = utf8mb4_general_ci ROW_FORMAT = Dynamic;

-- ----------------------------
-- Records of _temp
-- ----------------------------

-- ----------------------------
-- Table structure for qrtz_blob_triggers
-- ----------------------------
DROP TABLE IF EXISTS `qrtz_blob_triggers`;
CREATE TABLE `qrtz_blob_triggers`  (
  `SCHED_NAME` varchar(120) CHARACTER SET utf8mb4 COLLATE utf8mb4_unicode_ci NOT NULL,
  `TRIGGER_NAME` varchar(190) CHARACTER SET utf8mb4 COLLATE utf8mb4_unicode_ci NOT NULL,
  `TRIGGER_GROUP` varchar(190) CHARACTER SET utf8mb4 COLLATE utf8mb4_unicode_ci NOT NULL,
  `BLOB_DATA` blob NULL,
  PRIMARY KEY (`SCHED_NAME`, `TRIGGER_NAME`, `TRIGGER_GROUP`) USING BTREE,
  INDEX `SCHED_NAME`(`SCHED_NAME`, `TRIGGER_NAME`, `TRIGGER_GROUP`) USING BTREE,
  CONSTRAINT `qrtz_blob_triggers_ibfk_1` FOREIGN KEY (`SCHED_NAME`, `TRIGGER_NAME`, `TRIGGER_GROUP`) REFERENCES `qrtz_triggers` (`sched_name`, `trigger_name`, `trigger_group`) ON DELETE RESTRICT ON UPDATE RESTRICT
) ENGINE = InnoDB CHARACTER SET = utf8mb4 COLLATE = utf8mb4_unicode_ci ROW_FORMAT = Dynamic;

-- ----------------------------
-- Records of qrtz_blob_triggers
-- ----------------------------

-- ----------------------------
-- Table structure for qrtz_calendars
-- ----------------------------
DROP TABLE IF EXISTS `qrtz_calendars`;
CREATE TABLE `qrtz_calendars`  (
  `SCHED_NAME` varchar(120) CHARACTER SET utf8mb4 COLLATE utf8mb4_unicode_ci NOT NULL,
  `CALENDAR_NAME` varchar(190) CHARACTER SET utf8mb4 COLLATE utf8mb4_unicode_ci NOT NULL,
  `CALENDAR` blob NOT NULL,
  PRIMARY KEY (`SCHED_NAME`, `CALENDAR_NAME`) USING BTREE
) ENGINE = InnoDB CHARACTER SET = utf8mb4 COLLATE = utf8mb4_unicode_ci ROW_FORMAT = Dynamic;

-- ----------------------------
-- Records of qrtz_calendars
-- ----------------------------

-- ----------------------------
-- Table structure for qrtz_cron_triggers
-- ----------------------------
DROP TABLE IF EXISTS `qrtz_cron_triggers`;
CREATE TABLE `qrtz_cron_triggers`  (
  `SCHED_NAME` varchar(120) CHARACTER SET utf8mb4 COLLATE utf8mb4_unicode_ci NOT NULL,
  `TRIGGER_NAME` varchar(190) CHARACTER SET utf8mb4 COLLATE utf8mb4_unicode_ci NOT NULL,
  `TRIGGER_GROUP` varchar(190) CHARACTER SET utf8mb4 COLLATE utf8mb4_unicode_ci NOT NULL,
  `CRON_EXPRESSION` varchar(120) CHARACTER SET utf8mb4 COLLATE utf8mb4_unicode_ci NOT NULL,
  `TIME_ZONE_ID` varchar(80) CHARACTER SET utf8mb4 COLLATE utf8mb4_unicode_ci NULL DEFAULT NULL,
  PRIMARY KEY (`SCHED_NAME`, `TRIGGER_NAME`, `TRIGGER_GROUP`) USING BTREE,
  CONSTRAINT `qrtz_cron_triggers_ibfk_1` FOREIGN KEY (`SCHED_NAME`, `TRIGGER_NAME`, `TRIGGER_GROUP`) REFERENCES `qrtz_triggers` (`sched_name`, `trigger_name`, `trigger_group`) ON DELETE RESTRICT ON UPDATE RESTRICT
) ENGINE = InnoDB CHARACTER SET = utf8mb4 COLLATE = utf8mb4_unicode_ci ROW_FORMAT = Dynamic;

-- ----------------------------
-- Records of qrtz_cron_triggers
-- ----------------------------

-- ----------------------------
-- Table structure for qrtz_fired_triggers
-- ----------------------------
DROP TABLE IF EXISTS `qrtz_fired_triggers`;
CREATE TABLE `qrtz_fired_triggers`  (
  `SCHED_NAME` varchar(120) CHARACTER SET utf8mb4 COLLATE utf8mb4_unicode_ci NOT NULL,
  `ENTRY_ID` varchar(95) CHARACTER SET utf8mb4 COLLATE utf8mb4_unicode_ci NOT NULL,
  `TRIGGER_NAME` varchar(190) CHARACTER SET utf8mb4 COLLATE utf8mb4_unicode_ci NOT NULL,
  `TRIGGER_GROUP` varchar(190) CHARACTER SET utf8mb4 COLLATE utf8mb4_unicode_ci NOT NULL,
  `INSTANCE_NAME` varchar(190) CHARACTER SET utf8mb4 COLLATE utf8mb4_unicode_ci NOT NULL,
  `FIRED_TIME` bigint(20) NOT NULL,
  `SCHED_TIME` bigint(20) NOT NULL,
  `PRIORITY` int(11) NOT NULL,
  `STATE` varchar(16) CHARACTER SET utf8mb4 COLLATE utf8mb4_unicode_ci NOT NULL,
  `JOB_NAME` varchar(190) CHARACTER SET utf8mb4 COLLATE utf8mb4_unicode_ci NULL DEFAULT NULL,
  `JOB_GROUP` varchar(190) CHARACTER SET utf8mb4 COLLATE utf8mb4_unicode_ci NULL DEFAULT NULL,
  `IS_NONCONCURRENT` varchar(1) CHARACTER SET utf8mb4 COLLATE utf8mb4_unicode_ci NULL DEFAULT NULL,
  `REQUESTS_RECOVERY` varchar(1) CHARACTER SET utf8mb4 COLLATE utf8mb4_unicode_ci NULL DEFAULT NULL,
  PRIMARY KEY (`SCHED_NAME`, `ENTRY_ID`) USING BTREE,
  INDEX `IDX_QRTZ_FT_TRIG_INST_NAME`(`SCHED_NAME`, `INSTANCE_NAME`) USING BTREE,
  INDEX `IDX_QRTZ_FT_INST_JOB_REQ_RCVRY`(`SCHED_NAME`, `INSTANCE_NAME`, `REQUESTS_RECOVERY`) USING BTREE,
  INDEX `IDX_QRTZ_FT_J_G`(`SCHED_NAME`, `JOB_NAME`, `JOB_GROUP`) USING BTREE,
  INDEX `IDX_QRTZ_FT_JG`(`SCHED_NAME`, `JOB_GROUP`) USING BTREE,
  INDEX `IDX_QRTZ_FT_T_G`(`SCHED_NAME`, `TRIGGER_NAME`, `TRIGGER_GROUP`) USING BTREE,
  INDEX `IDX_QRTZ_FT_TG`(`SCHED_NAME`, `TRIGGER_GROUP`) USING BTREE
) ENGINE = InnoDB CHARACTER SET = utf8mb4 COLLATE = utf8mb4_unicode_ci ROW_FORMAT = Dynamic;

-- ----------------------------
-- Records of qrtz_fired_triggers
-- ----------------------------

-- ----------------------------
-- Table structure for qrtz_job_details
-- ----------------------------
DROP TABLE IF EXISTS `qrtz_job_details`;
CREATE TABLE `qrtz_job_details`  (
  `SCHED_NAME` varchar(120) CHARACTER SET utf8mb4 COLLATE utf8mb4_unicode_ci NOT NULL,
  `JOB_NAME` varchar(190) CHARACTER SET utf8mb4 COLLATE utf8mb4_unicode_ci NOT NULL,
  `JOB_GROUP` varchar(190) CHARACTER SET utf8mb4 COLLATE utf8mb4_unicode_ci NOT NULL,
  `DESCRIPTION` varchar(250) CHARACTER SET utf8mb4 COLLATE utf8mb4_unicode_ci NULL DEFAULT NULL,
  `JOB_CLASS_NAME` varchar(250) CHARACTER SET utf8mb4 COLLATE utf8mb4_unicode_ci NOT NULL,
  `IS_DURABLE` varchar(1) CHARACTER SET utf8mb4 COLLATE utf8mb4_unicode_ci NOT NULL,
  `IS_NONCONCURRENT` varchar(1) CHARACTER SET utf8mb4 COLLATE utf8mb4_unicode_ci NOT NULL,
  `IS_UPDATE_DATA` varchar(1) CHARACTER SET utf8mb4 COLLATE utf8mb4_unicode_ci NOT NULL,
  `REQUESTS_RECOVERY` varchar(1) CHARACTER SET utf8mb4 COLLATE utf8mb4_unicode_ci NOT NULL,
  `JOB_DATA` blob NULL,
  PRIMARY KEY (`SCHED_NAME`, `JOB_NAME`, `JOB_GROUP`) USING BTREE,
  INDEX `IDX_QRTZ_J_REQ_RECOVERY`(`SCHED_NAME`, `REQUESTS_RECOVERY`) USING BTREE,
  INDEX `IDX_QRTZ_J_GRP`(`SCHED_NAME`, `JOB_GROUP`) USING BTREE
) ENGINE = InnoDB CHARACTER SET = utf8mb4 COLLATE = utf8mb4_unicode_ci ROW_FORMAT = Dynamic;

-- ----------------------------
-- Records of qrtz_job_details
-- ----------------------------

-- ----------------------------
-- Table structure for qrtz_locks
-- ----------------------------
DROP TABLE IF EXISTS `qrtz_locks`;
CREATE TABLE `qrtz_locks`  (
  `SCHED_NAME` varchar(120) CHARACTER SET utf8mb4 COLLATE utf8mb4_unicode_ci NOT NULL,
  `LOCK_NAME` varchar(40) CHARACTER SET utf8mb4 COLLATE utf8mb4_unicode_ci NOT NULL,
  PRIMARY KEY (`SCHED_NAME`, `LOCK_NAME`) USING BTREE
) ENGINE = InnoDB CHARACTER SET = utf8mb4 COLLATE = utf8mb4_unicode_ci ROW_FORMAT = Dynamic;

-- ----------------------------
-- Records of qrtz_locks
-- ----------------------------
INSERT INTO `qrtz_locks` VALUES ('schedulerName', 'STATE_ACCESS');
INSERT INTO `qrtz_locks` VALUES ('schedulerName', 'TRIGGER_ACCESS');

-- ----------------------------
-- Table structure for qrtz_paused_trigger_grps
-- ----------------------------
DROP TABLE IF EXISTS `qrtz_paused_trigger_grps`;
CREATE TABLE `qrtz_paused_trigger_grps`  (
  `SCHED_NAME` varchar(120) CHARACTER SET utf8mb4 COLLATE utf8mb4_unicode_ci NOT NULL,
  `TRIGGER_GROUP` varchar(190) CHARACTER SET utf8mb4 COLLATE utf8mb4_unicode_ci NOT NULL,
  PRIMARY KEY (`SCHED_NAME`, `TRIGGER_GROUP`) USING BTREE
) ENGINE = InnoDB CHARACTER SET = utf8mb4 COLLATE = utf8mb4_unicode_ci ROW_FORMAT = Dynamic;

-- ----------------------------
-- Records of qrtz_paused_trigger_grps
-- ----------------------------

-- ----------------------------
-- Table structure for qrtz_scheduler_state
-- ----------------------------
DROP TABLE IF EXISTS `qrtz_scheduler_state`;
CREATE TABLE `qrtz_scheduler_state`  (
  `SCHED_NAME` varchar(120) CHARACTER SET utf8mb4 COLLATE utf8mb4_unicode_ci NOT NULL,
  `INSTANCE_NAME` varchar(190) CHARACTER SET utf8mb4 COLLATE utf8mb4_unicode_ci NOT NULL,
  `LAST_CHECKIN_TIME` bigint(20) NOT NULL,
  `CHECKIN_INTERVAL` bigint(20) NOT NULL,
  PRIMARY KEY (`SCHED_NAME`, `INSTANCE_NAME`) USING BTREE
) ENGINE = InnoDB CHARACTER SET = utf8mb4 COLLATE = utf8mb4_unicode_ci ROW_FORMAT = Dynamic;

-- ----------------------------
-- Records of qrtz_scheduler_state
-- ----------------------------
INSERT INTO `qrtz_scheduler_state` VALUES ('schedulerName', 'PC-20211219OMLM1687909760535', 1687910576563, 15000);

-- ----------------------------
-- Table structure for qrtz_simple_triggers
-- ----------------------------
DROP TABLE IF EXISTS `qrtz_simple_triggers`;
CREATE TABLE `qrtz_simple_triggers`  (
  `SCHED_NAME` varchar(120) CHARACTER SET utf8mb4 COLLATE utf8mb4_unicode_ci NOT NULL,
  `TRIGGER_NAME` varchar(190) CHARACTER SET utf8mb4 COLLATE utf8mb4_unicode_ci NOT NULL,
  `TRIGGER_GROUP` varchar(190) CHARACTER SET utf8mb4 COLLATE utf8mb4_unicode_ci NOT NULL,
  `REPEAT_COUNT` bigint(20) NOT NULL,
  `REPEAT_INTERVAL` bigint(20) NOT NULL,
  `TIMES_TRIGGERED` bigint(20) NOT NULL,
  PRIMARY KEY (`SCHED_NAME`, `TRIGGER_NAME`, `TRIGGER_GROUP`) USING BTREE,
  CONSTRAINT `qrtz_simple_triggers_ibfk_1` FOREIGN KEY (`SCHED_NAME`, `TRIGGER_NAME`, `TRIGGER_GROUP`) REFERENCES `qrtz_triggers` (`sched_name`, `trigger_name`, `trigger_group`) ON DELETE RESTRICT ON UPDATE RESTRICT
) ENGINE = InnoDB CHARACTER SET = utf8mb4 COLLATE = utf8mb4_unicode_ci ROW_FORMAT = Dynamic;

-- ----------------------------
-- Records of qrtz_simple_triggers
-- ----------------------------

-- ----------------------------
-- Table structure for qrtz_simprop_triggers
-- ----------------------------
DROP TABLE IF EXISTS `qrtz_simprop_triggers`;
CREATE TABLE `qrtz_simprop_triggers`  (
  `SCHED_NAME` varchar(120) CHARACTER SET utf8mb4 COLLATE utf8mb4_unicode_ci NOT NULL,
  `TRIGGER_NAME` varchar(190) CHARACTER SET utf8mb4 COLLATE utf8mb4_unicode_ci NOT NULL,
  `TRIGGER_GROUP` varchar(190) CHARACTER SET utf8mb4 COLLATE utf8mb4_unicode_ci NOT NULL,
  `STR_PROP_1` varchar(512) CHARACTER SET utf8mb4 COLLATE utf8mb4_unicode_ci NULL DEFAULT NULL,
  `STR_PROP_2` varchar(512) CHARACTER SET utf8mb4 COLLATE utf8mb4_unicode_ci NULL DEFAULT NULL,
  `STR_PROP_3` varchar(512) CHARACTER SET utf8mb4 COLLATE utf8mb4_unicode_ci NULL DEFAULT NULL,
  `INT_PROP_1` int(11) NULL DEFAULT NULL,
  `INT_PROP_2` int(11) NULL DEFAULT NULL,
  `LONG_PROP_1` bigint(20) NULL DEFAULT NULL,
  `LONG_PROP_2` bigint(20) NULL DEFAULT NULL,
  `DEC_PROP_1` decimal(13, 4) NULL DEFAULT NULL,
  `DEC_PROP_2` decimal(13, 4) NULL DEFAULT NULL,
  `BOOL_PROP_1` varchar(1) CHARACTER SET utf8mb4 COLLATE utf8mb4_unicode_ci NULL DEFAULT NULL,
  `BOOL_PROP_2` varchar(1) CHARACTER SET utf8mb4 COLLATE utf8mb4_unicode_ci NULL DEFAULT NULL,
  PRIMARY KEY (`SCHED_NAME`, `TRIGGER_NAME`, `TRIGGER_GROUP`) USING BTREE,
  CONSTRAINT `qrtz_simprop_triggers_ibfk_1` FOREIGN KEY (`SCHED_NAME`, `TRIGGER_NAME`, `TRIGGER_GROUP`) REFERENCES `qrtz_triggers` (`sched_name`, `trigger_name`, `trigger_group`) ON DELETE RESTRICT ON UPDATE RESTRICT
) ENGINE = InnoDB CHARACTER SET = utf8mb4 COLLATE = utf8mb4_unicode_ci ROW_FORMAT = Dynamic;

-- ----------------------------
-- Records of qrtz_simprop_triggers
-- ----------------------------

-- ----------------------------
-- Table structure for qrtz_triggers
-- ----------------------------
DROP TABLE IF EXISTS `qrtz_triggers`;
CREATE TABLE `qrtz_triggers`  (
  `SCHED_NAME` varchar(120) CHARACTER SET utf8mb4 COLLATE utf8mb4_unicode_ci NOT NULL,
  `TRIGGER_NAME` varchar(190) CHARACTER SET utf8mb4 COLLATE utf8mb4_unicode_ci NOT NULL,
  `TRIGGER_GROUP` varchar(190) CHARACTER SET utf8mb4 COLLATE utf8mb4_unicode_ci NOT NULL,
  `JOB_NAME` varchar(190) CHARACTER SET utf8mb4 COLLATE utf8mb4_unicode_ci NOT NULL,
  `JOB_GROUP` varchar(190) CHARACTER SET utf8mb4 COLLATE utf8mb4_unicode_ci NOT NULL,
  `DESCRIPTION` varchar(250) CHARACTER SET utf8mb4 COLLATE utf8mb4_unicode_ci NULL DEFAULT NULL,
  `NEXT_FIRE_TIME` bigint(20) NULL DEFAULT NULL,
  `PREV_FIRE_TIME` bigint(20) NULL DEFAULT NULL,
  `PRIORITY` int(11) NULL DEFAULT NULL,
  `TRIGGER_STATE` varchar(16) CHARACTER SET utf8mb4 COLLATE utf8mb4_unicode_ci NOT NULL,
  `TRIGGER_TYPE` varchar(8) CHARACTER SET utf8mb4 COLLATE utf8mb4_unicode_ci NOT NULL,
  `START_TIME` bigint(20) NOT NULL,
  `END_TIME` bigint(20) NULL DEFAULT NULL,
  `CALENDAR_NAME` varchar(190) CHARACTER SET utf8mb4 COLLATE utf8mb4_unicode_ci NULL DEFAULT NULL,
  `MISFIRE_INSTR` smallint(6) NULL DEFAULT NULL,
  `JOB_DATA` blob NULL,
  PRIMARY KEY (`SCHED_NAME`, `TRIGGER_NAME`, `TRIGGER_GROUP`) USING BTREE,
  INDEX `IDX_QRTZ_T_J`(`SCHED_NAME`, `JOB_NAME`, `JOB_GROUP`) USING BTREE,
  INDEX `IDX_QRTZ_T_JG`(`SCHED_NAME`, `JOB_GROUP`) USING BTREE,
  INDEX `IDX_QRTZ_T_C`(`SCHED_NAME`, `CALENDAR_NAME`) USING BTREE,
  INDEX `IDX_QRTZ_T_G`(`SCHED_NAME`, `TRIGGER_GROUP`) USING BTREE,
  INDEX `IDX_QRTZ_T_STATE`(`SCHED_NAME`, `TRIGGER_STATE`) USING BTREE,
  INDEX `IDX_QRTZ_T_N_STATE`(`SCHED_NAME`, `TRIGGER_NAME`, `TRIGGER_GROUP`, `TRIGGER_STATE`) USING BTREE,
  INDEX `IDX_QRTZ_T_N_G_STATE`(`SCHED_NAME`, `TRIGGER_GROUP`, `TRIGGER_STATE`) USING BTREE,
  INDEX `IDX_QRTZ_T_NEXT_FIRE_TIME`(`SCHED_NAME`, `NEXT_FIRE_TIME`) USING BTREE,
  INDEX `IDX_QRTZ_T_NFT_ST`(`SCHED_NAME`, `TRIGGER_STATE`, `NEXT_FIRE_TIME`) USING BTREE,
  INDEX `IDX_QRTZ_T_NFT_MISFIRE`(`SCHED_NAME`, `MISFIRE_INSTR`, `NEXT_FIRE_TIME`) USING BTREE,
  INDEX `IDX_QRTZ_T_NFT_ST_MISFIRE`(`SCHED_NAME`, `MISFIRE_INSTR`, `NEXT_FIRE_TIME`, `TRIGGER_STATE`) USING BTREE,
  INDEX `IDX_QRTZ_T_NFT_ST_MISFIRE_GRP`(`SCHED_NAME`, `MISFIRE_INSTR`, `NEXT_FIRE_TIME`, `TRIGGER_GROUP`, `TRIGGER_STATE`) USING BTREE,
  CONSTRAINT `qrtz_triggers_ibfk_1` FOREIGN KEY (`SCHED_NAME`, `JOB_NAME`, `JOB_GROUP`) REFERENCES `qrtz_job_details` (`sched_name`, `job_name`, `job_group`) ON DELETE RESTRICT ON UPDATE RESTRICT
) ENGINE = InnoDB CHARACTER SET = utf8mb4 COLLATE = utf8mb4_unicode_ci ROW_FORMAT = Dynamic;

-- ----------------------------
-- Records of qrtz_triggers
-- ----------------------------

-- ----------------------------
-- Table structure for sys_dept
-- ----------------------------
DROP TABLE IF EXISTS `sys_dept`;
CREATE TABLE `sys_dept`  (
  `id` bigint(20) NOT NULL AUTO_INCREMENT COMMENT 'ID',
  `name` varchar(30) CHARACTER SET utf8mb4 COLLATE utf8mb4_general_ci NOT NULL COMMENT '部门名称',
  `parent_id` bigint(20) NOT NULL DEFAULT 0 COMMENT '父ID',
  `sort` int(11) NOT NULL DEFAULT 0 COMMENT '显示顺序',
  `leader_user_id` bigint(20) NULL DEFAULT NULL COMMENT '负责人ID',
  `phone` varchar(11) CHARACTER SET utf8mb4 COLLATE utf8mb4_general_ci NULL DEFAULT NULL COMMENT '联系电话',
  `email` varchar(50) CHARACTER SET utf8mb4 COLLATE utf8mb4_general_ci NULL DEFAULT NULL COMMENT '邮箱',
  `status` tinyint(4) NOT NULL DEFAULT 0 COMMENT '状态（0正常 1停用）',
  `creator` varchar(64) CHARACTER SET utf8mb4 COLLATE utf8mb4_general_ci NULL DEFAULT NULL COMMENT '创建者',
  `create_time` datetime NOT NULL DEFAULT CURRENT_TIMESTAMP COMMENT '创建时间',
  `updater` varchar(64) CHARACTER SET utf8mb4 COLLATE utf8mb4_general_ci NULL DEFAULT NULL COMMENT '更新者',
  `update_time` datetime NOT NULL DEFAULT CURRENT_TIMESTAMP ON UPDATE CURRENT_TIMESTAMP COMMENT '更新时间',
  `deleted` bit(1) NOT NULL DEFAULT b'0' COMMENT '是否删除（0正常，1删除）',
  `tenant_id` bigint(20) NOT NULL DEFAULT 0 COMMENT '租户ID',
  PRIMARY KEY (`id`) USING BTREE
) ENGINE = InnoDB AUTO_INCREMENT = 112 CHARACTER SET = utf8mb4 COLLATE = utf8mb4_general_ci COMMENT = '部门表' ROW_FORMAT = Dynamic;

-- ----------------------------
-- Records of sys_dept
-- ----------------------------
INSERT INTO `sys_dept` VALUES (100, '柔川信息', 0, 0, 1, '15888888888', 'ry@qq.com', 0, 'admin', '2021-01-05 17:03:47', '1', '2023-06-12 17:03:49', b'0', 1);
INSERT INTO `sys_dept` VALUES (101, '黄岩总公司', 100, 1, 104, '15888888888', 'ry@qq.com', 0, 'admin', '2021-01-05 17:03:47', NULL, '2023-06-27 13:32:23', b'0', 1);
INSERT INTO `sys_dept` VALUES (102, '杭州分公司', 100, 2, NULL, '15888888888', 'ry@qq.com', 0, 'admin', '2021-01-05 17:03:47', '', '2023-06-12 17:04:07', b'0', 1);
INSERT INTO `sys_dept` VALUES (103, '研发部门', 101, 1, 104, '15888888888', 'ry@qq.com', 0, 'admin', '2021-01-05 17:03:47', NULL, '2023-06-27 13:32:18', b'0', 1);
INSERT INTO `sys_dept` VALUES (104, '市场部门', 101, 2, NULL, '15888888888', 'ry@qq.com', 0, 'admin', '2021-01-05 17:03:47', '', '2021-12-15 05:01:38', b'0', 1);
INSERT INTO `sys_dept` VALUES (105, '测试部门', 101, 3, NULL, '15888888888', 'ry@qq.com', 0, 'admin', '2021-01-05 17:03:47', '1', '2023-06-27 13:32:56', b'0', 1);
INSERT INTO `sys_dept` VALUES (106, '财务部门', 101, 4, 103, '15888888888', 'ry@qq.com', 0, 'admin', '2021-01-05 17:03:47', '103', '2022-01-15 21:32:22', b'0', 1);
INSERT INTO `sys_dept` VALUES (107, '运维部门', 101, 5, NULL, '15888888888', 'ry@qq.com', 0, 'admin', '2021-01-05 17:03:47', '', '2021-12-15 05:01:33', b'0', 1);
INSERT INTO `sys_dept` VALUES (108, '市场部门', 102, 1, NULL, '15888888888', 'ry@qq.com', 0, 'admin', '2021-01-05 17:03:47', '1', '2022-02-16 08:35:45', b'0', 1);
INSERT INTO `sys_dept` VALUES (109, '财务部门', 102, 2, NULL, '15888888888', 'ry@qq.com', 0, 'admin', '2021-01-05 17:03:47', '', '2021-12-15 05:01:29', b'0', 1);
INSERT INTO `sys_dept` VALUES (110, '新部门', 0, 1, NULL, NULL, NULL, 0, '110', '2022-02-23 20:46:30', '110', '2022-02-23 20:46:30', b'0', 121);
INSERT INTO `sys_dept` VALUES (111, '顶级部门', 0, 1, NULL, NULL, NULL, 0, '113', '2022-03-07 21:44:50', '113', '2022-03-07 21:44:50', b'0', 122);

-- ----------------------------
-- Table structure for sys_dict_data
-- ----------------------------
DROP TABLE IF EXISTS `sys_dict_data`;
CREATE TABLE `sys_dict_data`  (
  `id` bigint(20) NOT NULL AUTO_INCREMENT COMMENT '字典编码',
  `sort` int(11) NOT NULL DEFAULT 0 COMMENT '字典排序',
  `label` varchar(100) CHARACTER SET utf8mb4 COLLATE utf8mb4_unicode_ci NOT NULL DEFAULT '' COMMENT '字典标签',
  `value` varchar(100) CHARACTER SET utf8mb4 COLLATE utf8mb4_unicode_ci NOT NULL DEFAULT '' COMMENT '字典键值',
  `dict_type` varchar(100) CHARACTER SET utf8mb4 COLLATE utf8mb4_unicode_ci NOT NULL DEFAULT '' COMMENT '字典类型',
  `status` tinyint(4) NOT NULL DEFAULT 0 COMMENT '状态（0正常 1停用）',
  `color_type` varchar(100) CHARACTER SET utf8mb4 COLLATE utf8mb4_unicode_ci NULL DEFAULT '' COMMENT '颜色类型',
  `css_class` varchar(100) CHARACTER SET utf8mb4 COLLATE utf8mb4_unicode_ci NULL DEFAULT '' COMMENT 'css 样式',
  `remark` varchar(500) CHARACTER SET utf8mb4 COLLATE utf8mb4_unicode_ci NULL DEFAULT NULL COMMENT '备注',
  `creator` varchar(64) CHARACTER SET utf8mb4 COLLATE utf8mb4_unicode_ci NULL DEFAULT '' COMMENT '创建者',
  `create_time` datetime NOT NULL DEFAULT CURRENT_TIMESTAMP COMMENT '创建时间',
  `updater` varchar(64) CHARACTER SET utf8mb4 COLLATE utf8mb4_unicode_ci NULL DEFAULT '' COMMENT '更新者',
  `update_time` datetime NOT NULL DEFAULT CURRENT_TIMESTAMP ON UPDATE CURRENT_TIMESTAMP COMMENT '更新时间',
  `deleted` bit(1) NOT NULL DEFAULT b'0' COMMENT '是否删除',
  PRIMARY KEY (`id`) USING BTREE
) ENGINE = InnoDB AUTO_INCREMENT = 1235 CHARACTER SET = utf8mb4 COLLATE = utf8mb4_unicode_ci COMMENT = '字典数据表' ROW_FORMAT = Dynamic;

-- ----------------------------
-- Records of sys_dict_data
-- ----------------------------
INSERT INTO `sys_dict_data` VALUES (1, 1, '男', '1', 'sys_user_sex', 0, 'default', 'A', '性别男', 'admin', '2021-01-05 17:03:48', '1', '2022-03-29 00:14:39', b'0');
INSERT INTO `sys_dict_data` VALUES (2, 2, '女', '2', 'sys_user_sex', 1, 'success', '', '性别女', 'admin', '2021-01-05 17:03:48', '1', '2022-02-16 01:30:51', b'0');
INSERT INTO `sys_dict_data` VALUES (8, 1, '正常', '1', 'infra_job_status', 0, 'success', '', '正常状态', 'admin', '2021-01-05 17:03:48', '1', '2022-02-16 19:33:38', b'0');
INSERT INTO `sys_dict_data` VALUES (9, 2, '暂停', '2', 'infra_job_status', 0, 'danger', '', '停用状态', 'admin', '2021-01-05 17:03:48', '1', '2022-02-16 19:33:45', b'0');
INSERT INTO `sys_dict_data` VALUES (12, 1, '系统内置', '1', 'infra_config_type', 0, 'danger', '', '参数类型 - 系统内置', 'admin', '2021-01-05 17:03:48', '1', '2022-02-16 19:06:02', b'0');
INSERT INTO `sys_dict_data` VALUES (13, 2, '自定义', '2', 'infra_config_type', 0, 'primary', '', '参数类型 - 自定义', 'admin', '2021-01-05 17:03:48', '1', '2022-02-16 19:06:07', b'0');
INSERT INTO `sys_dict_data` VALUES (14, 1, '通知', '1', 'sys_notice_type', 0, 'success', '', '通知', 'admin', '2021-01-05 17:03:48', '1', '2022-02-16 13:05:57', b'0');
INSERT INTO `sys_dict_data` VALUES (15, 2, '公告', '2', 'sys_notice_type', 0, 'info', '', '公告', 'admin', '2021-01-05 17:03:48', '1', '2022-02-16 13:06:01', b'0');
INSERT INTO `sys_dict_data` VALUES (16, 0, '其它', '0', 'sys_operate_type', 0, 'default', '', '其它操作', 'admin', '2021-01-05 17:03:48', '1', '2022-02-16 09:32:46', b'0');
INSERT INTO `sys_dict_data` VALUES (17, 1, '查询', '1', 'sys_operate_type', 0, 'info', '', '查询操作', 'admin', '2021-01-05 17:03:48', '1', '2022-02-16 09:33:16', b'0');
INSERT INTO `sys_dict_data` VALUES (18, 2, '新增', '2', 'sys_operate_type', 0, 'primary', '', '新增操作', 'admin', '2021-01-05 17:03:48', '1', '2022-02-16 09:33:13', b'0');
INSERT INTO `sys_dict_data` VALUES (19, 3, '修改', '3', 'sys_operate_type', 0, 'warning', '', '修改操作', 'admin', '2021-01-05 17:03:48', '1', '2022-02-16 09:33:22', b'0');
INSERT INTO `sys_dict_data` VALUES (20, 4, '删除', '4', 'sys_operate_type', 0, 'danger', '', '删除操作', 'admin', '2021-01-05 17:03:48', '1', '2022-02-16 09:33:27', b'0');
INSERT INTO `sys_dict_data` VALUES (22, 5, '导出', '5', 'sys_operate_type', 0, 'default', '', '导出操作', 'admin', '2021-01-05 17:03:48', '1', '2022-02-16 09:33:32', b'0');
INSERT INTO `sys_dict_data` VALUES (23, 6, '导入', '6', 'sys_operate_type', 0, 'default', '', '导入操作', 'admin', '2021-01-05 17:03:48', '1', '2022-02-16 09:33:35', b'0');
INSERT INTO `sys_dict_data` VALUES (27, 1, '开启', '0', 'common_status', 0, 'primary', '', '开启状态', 'admin', '2021-01-05 17:03:48', '1', '2022-02-16 08:00:39', b'0');
INSERT INTO `sys_dict_data` VALUES (28, 2, '关闭', '1', 'common_status', 0, 'info', '', '关闭状态', 'admin', '2021-01-05 17:03:48', '1', '2022-02-16 08:00:44', b'0');
INSERT INTO `sys_dict_data` VALUES (29, 1, '目录', '1', 'sys_menu_type', 0, '', '', '目录', 'admin', '2021-01-05 17:03:48', '', '2022-02-01 16:43:45', b'0');
INSERT INTO `sys_dict_data` VALUES (30, 2, '菜单', '2', 'sys_menu_type', 0, '', '', '菜单', 'admin', '2021-01-05 17:03:48', '', '2022-02-01 16:43:41', b'0');
INSERT INTO `sys_dict_data` VALUES (31, 3, '按钮', '3', 'sys_menu_type', 0, '', '', '按钮', 'admin', '2021-01-05 17:03:48', '', '2022-02-01 16:43:39', b'0');
INSERT INTO `sys_dict_data` VALUES (32, 1, '内置', '1', 'sys_role_type', 0, 'danger', '', '内置角色', 'admin', '2021-01-05 17:03:48', '1', '2022-02-16 13:02:08', b'0');
INSERT INTO `sys_dict_data` VALUES (33, 2, '自定义', '2', 'sys_role_type', 0, 'primary', '', '自定义角色', 'admin', '2021-01-05 17:03:48', '1', '2022-02-16 13:02:12', b'0');
INSERT INTO `sys_dict_data` VALUES (34, 1, '全部数据权限', '1', 'sys_data_scope', 0, '', '', '全部数据权限', 'admin', '2021-01-05 17:03:48', '', '2022-02-01 16:47:17', b'0');
INSERT INTO `sys_dict_data` VALUES (35, 2, '指定部门数据权限', '2', 'sys_data_scope', 0, '', '', '指定部门数据权限', 'admin', '2021-01-05 17:03:48', '', '2022-02-01 16:47:18', b'0');
INSERT INTO `sys_dict_data` VALUES (36, 3, '本部门数据权限', '3', 'sys_data_scope', 0, '', '', '本部门数据权限', 'admin', '2021-01-05 17:03:48', '', '2022-02-01 16:47:16', b'0');
INSERT INTO `sys_dict_data` VALUES (37, 4, '本部门及以下数据权限', '4', 'sys_data_scope', 0, '', '', '本部门及以下数据权限', 'admin', '2021-01-05 17:03:48', '', '2022-02-01 16:47:21', b'0');
INSERT INTO `sys_dict_data` VALUES (38, 5, '仅本人数据权限', '5', 'sys_data_scope', 0, '', '', '仅本人数据权限', 'admin', '2021-01-05 17:03:48', '', '2022-02-01 16:47:23', b'0');
INSERT INTO `sys_dict_data` VALUES (39, 0, '成功', '0', 'sys_login_result', 0, 'success', '', '登陆结果 - 成功', '', '2021-01-18 06:17:36', '1', '2022-02-16 13:23:49', b'0');
INSERT INTO `sys_dict_data` VALUES (40, 10, '账号或密码不正确', '10', 'sys_login_result', 0, 'primary', '', '登陆结果 - 账号或密码不正确', '', '2021-01-18 06:17:54', '1', '2022-02-16 13:24:27', b'0');
INSERT INTO `sys_dict_data` VALUES (41, 20, '用户被禁用', '20', 'sys_login_result', 0, 'warning', '', '登陆结果 - 用户被禁用', '', '2021-01-18 06:17:54', '1', '2022-02-16 13:23:57', b'0');
INSERT INTO `sys_dict_data` VALUES (42, 30, '验证码不存在', '30', 'sys_login_result', 0, 'info', '', '登陆结果 - 验证码不存在', '', '2021-01-18 06:17:54', '1', '2022-02-16 13:24:07', b'0');
INSERT INTO `sys_dict_data` VALUES (43, 31, '验证码不正确', '31', 'sys_login_result', 0, 'info', '', '登陆结果 - 验证码不正确', '', '2021-01-18 06:17:54', '1', '2022-02-16 13:24:11', b'0');
INSERT INTO `sys_dict_data` VALUES (44, 100, '未知异常', '100', 'sys_login_result', 0, 'danger', '', '登陆结果 - 未知异常', '', '2021-01-18 06:17:54', '1', '2022-02-16 13:24:23', b'0');
INSERT INTO `sys_dict_data` VALUES (45, 1, '是', 'true', 'infra_boolean_string', 0, 'danger', '', 'Boolean 是否类型 - 是', '', '2021-01-19 03:20:55', '1', '2022-03-15 23:01:45', b'0');
INSERT INTO `sys_dict_data` VALUES (46, 1, '否', 'false', 'infra_boolean_string', 0, 'info', '', 'Boolean 是否类型 - 否', '', '2021-01-19 03:20:55', '1', '2022-03-15 23:09:45', b'0');
INSERT INTO `sys_dict_data` VALUES (47, 1, '永不超时', '1', 'infra_redis_timeout_type', 0, 'primary', '', 'Redis 未设置超时的情况', '', '2021-01-26 00:53:17', '1', '2022-02-16 19:03:35', b'0');
INSERT INTO `sys_dict_data` VALUES (48, 1, '动态超时', '2', 'infra_redis_timeout_type', 0, 'info', '', '程序里动态传入超时时间，无法固定', '', '2021-01-26 00:55:00', '1', '2022-02-16 19:03:41', b'0');
INSERT INTO `sys_dict_data` VALUES (49, 3, '固定超时', '3', 'infra_redis_timeout_type', 0, 'success', '', 'Redis 设置了过期时间', '', '2021-01-26 00:55:26', '1', '2022-02-16 19:03:45', b'0');
INSERT INTO `sys_dict_data` VALUES (50, 1, '单表（增删改查）', '1', 'infra_codegen_template_type', 0, '', '', NULL, '', '2021-02-05 07:09:06', '', '2022-03-10 16:33:15', b'0');
INSERT INTO `sys_dict_data` VALUES (51, 2, '树表（增删改查）', '2', 'infra_codegen_template_type', 0, '', '', NULL, '', '2021-02-05 07:14:46', '', '2022-03-10 16:33:19', b'0');
INSERT INTO `sys_dict_data` VALUES (53, 0, '初始化中', '0', 'infra_job_status', 0, 'primary', '', NULL, '', '2021-02-07 07:46:49', '1', '2022-02-16 19:33:29', b'0');
INSERT INTO `sys_dict_data` VALUES (57, 0, '运行中', '0', 'infra_job_log_status', 0, 'primary', '', 'RUNNING', '', '2021-02-08 10:04:24', '1', '2022-02-16 19:07:48', b'0');
INSERT INTO `sys_dict_data` VALUES (58, 1, '成功', '1', 'infra_job_log_status', 0, 'success', '', NULL, '', '2021-02-08 10:06:57', '1', '2022-02-16 19:07:52', b'0');
INSERT INTO `sys_dict_data` VALUES (59, 2, '失败', '2', 'infra_job_log_status', 0, 'warning', '', '失败', '', '2021-02-08 10:07:38', '1', '2022-02-16 19:07:56', b'0');
INSERT INTO `sys_dict_data` VALUES (60, 1, '会员', '1', 'user_type', 0, 'primary', '', NULL, '', '2021-02-26 00:16:27', '1', '2022-02-16 10:22:19', b'0');
INSERT INTO `sys_dict_data` VALUES (61, 2, '管理员', '2', 'user_type', 0, 'success', '', NULL, '', '2021-02-26 00:16:34', '1', '2022-02-16 10:22:22', b'0');
INSERT INTO `sys_dict_data` VALUES (62, 0, '未处理', '0', 'infra_api_error_log_process_status', 0, 'primary', '', NULL, '', '2021-02-26 07:07:19', '1', '2022-02-16 20:14:17', b'0');
INSERT INTO `sys_dict_data` VALUES (63, 1, '已处理', '1', 'infra_api_error_log_process_status', 0, 'success', '', NULL, '', '2021-02-26 07:07:26', '1', '2022-02-16 20:14:08', b'0');
INSERT INTO `sys_dict_data` VALUES (64, 2, '已忽略', '2', 'infra_api_error_log_process_status', 0, 'danger', '', NULL, '', '2021-02-26 07:07:34', '1', '2022-02-16 20:14:14', b'0');
INSERT INTO `sys_dict_data` VALUES (66, 2, '阿里云', 'ALIYUN', 'sys_sms_channel_code', 0, 'primary', '', NULL, '1', '2021-04-05 01:05:26', '1', '2022-02-16 10:09:52', b'0');
INSERT INTO `sys_dict_data` VALUES (67, 1, '验证码', '1', 'sys_sms_template_type', 0, 'warning', '', NULL, '1', '2021-04-05 21:50:57', '1', '2022-02-16 12:48:30', b'0');
INSERT INTO `sys_dict_data` VALUES (68, 2, '通知', '2', 'sys_sms_template_type', 0, 'primary', '', NULL, '1', '2021-04-05 21:51:08', '1', '2022-02-16 12:48:27', b'0');
INSERT INTO `sys_dict_data` VALUES (69, 0, '营销', '3', 'sys_sms_template_type', 0, 'danger', '', NULL, '1', '2021-04-05 21:51:15', '1', '2022-02-16 12:48:22', b'0');
INSERT INTO `sys_dict_data` VALUES (70, 0, '初始化', '0', 'sys_sms_send_status', 0, 'primary', '', NULL, '1', '2021-04-11 20:18:33', '1', '2022-02-16 10:26:07', b'0');
INSERT INTO `sys_dict_data` VALUES (71, 1, '发送成功', '10', 'sys_sms_send_status', 0, 'success', '', NULL, '1', '2021-04-11 20:18:43', '1', '2022-02-16 10:25:56', b'0');
INSERT INTO `sys_dict_data` VALUES (72, 2, '发送失败', '20', 'sys_sms_send_status', 0, 'danger', '', NULL, '1', '2021-04-11 20:18:49', '1', '2022-02-16 10:26:03', b'0');
INSERT INTO `sys_dict_data` VALUES (73, 3, '不发送', '30', 'sys_sms_send_status', 0, 'info', '', NULL, '1', '2021-04-11 20:19:44', '1', '2022-02-16 10:26:10', b'0');
INSERT INTO `sys_dict_data` VALUES (74, 0, '等待结果', '0', 'sys_sms_receive_status', 0, 'primary', '', NULL, '1', '2021-04-11 20:27:43', '1', '2022-02-16 10:28:24', b'0');
INSERT INTO `sys_dict_data` VALUES (75, 1, '接收成功', '10', 'sys_sms_receive_status', 0, 'success', '', NULL, '1', '2021-04-11 20:29:25', '1', '2022-02-16 10:28:28', b'0');
INSERT INTO `sys_dict_data` VALUES (76, 2, '接收失败', '20', 'sys_sms_receive_status', 0, 'danger', '', NULL, '1', '2021-04-11 20:29:31', '1', '2022-02-16 10:28:32', b'0');
INSERT INTO `sys_dict_data` VALUES (77, 0, '调试(钉钉)', 'DEBUG_DING_TALK', 'sys_sms_channel_code', 0, 'info', '', NULL, '1', '2021-04-13 00:20:37', '1', '2022-02-16 10:10:00', b'0');
INSERT INTO `sys_dict_data` VALUES (78, 1, '自动生成', '1', 'sys_error_code_type', 0, 'warning', '', NULL, '1', '2021-04-21 00:06:48', '1', '2022-02-16 13:57:20', b'0');
INSERT INTO `sys_dict_data` VALUES (79, 2, '手动编辑', '2', 'sys_error_code_type', 0, 'primary', '', NULL, '1', '2021-04-21 00:07:14', '1', '2022-02-16 13:57:24', b'0');
INSERT INTO `sys_dict_data` VALUES (80, 100, '账号登录', '100', 'sys_login_type', 0, 'primary', '', '账号登录', '1', '2021-10-06 00:52:02', '1', '2022-02-16 13:11:34', b'0');
INSERT INTO `sys_dict_data` VALUES (81, 101, '社交登录', '101', 'sys_login_type', 0, 'info', '', '社交登录', '1', '2021-10-06 00:52:17', '1', '2022-02-16 13:11:40', b'0');
INSERT INTO `sys_dict_data` VALUES (83, 200, '主动登出', '200', 'sys_login_type', 0, 'primary', '', '主动登出', '1', '2021-10-06 00:52:58', '1', '2022-02-16 13:11:49', b'0');
INSERT INTO `sys_dict_data` VALUES (85, 202, '强制登出', '202', 'sys_login_type', 0, 'danger', '', '强制退出', '1', '2021-10-06 00:53:41', '1', '2022-02-16 13:11:57', b'0');
INSERT INTO `sys_dict_data` VALUES (86, 0, '病假', '1', 'bpm_oa_leave_type', 0, 'primary', '', NULL, '1', '2021-09-21 22:35:28', '1', '2022-02-16 10:00:41', b'0');
INSERT INTO `sys_dict_data` VALUES (87, 1, '事假', '2', 'bpm_oa_leave_type', 0, 'info', '', NULL, '1', '2021-09-21 22:36:11', '1', '2022-02-16 10:00:49', b'0');
INSERT INTO `sys_dict_data` VALUES (88, 2, '婚假', '3', 'bpm_oa_leave_type', 0, 'warning', '', NULL, '1', '2021-09-21 22:36:38', '1', '2022-02-16 10:00:53', b'0');
INSERT INTO `sys_dict_data` VALUES (98, 1, 'v2', 'v2', 'pay_channel_wechat_version', 0, '', '', 'v2版本', '1', '2021-11-08 17:00:58', '1', '2021-11-08 17:00:58', b'0');
INSERT INTO `sys_dict_data` VALUES (99, 2, 'v3', 'v3', 'pay_channel_wechat_version', 0, '', '', 'v3版本', '1', '2021-11-08 17:01:07', '1', '2021-11-08 17:01:07', b'0');
INSERT INTO `sys_dict_data` VALUES (108, 1, 'RSA2', 'RSA2', 'pay_channel_alipay_sign_type', 0, '', '', 'RSA2', '1', '2021-11-18 15:39:29', '1', '2021-11-18 15:39:29', b'0');
INSERT INTO `sys_dict_data` VALUES (109, 1, '公钥模式', '1', 'pay_channel_alipay_mode', 0, '', '', '公钥模式：privateKey + alipayPublicKey', '1', '2021-11-18 15:45:23', '1', '2021-11-18 15:45:23', b'0');
INSERT INTO `sys_dict_data` VALUES (110, 2, '证书模式', '2', 'pay_channel_alipay_mode', 0, '', '', '证书模式：appCertContent + alipayPublicCertContent + rootCertContent', '1', '2021-11-18 15:45:40', '1', '2021-11-18 15:45:40', b'0');
INSERT INTO `sys_dict_data` VALUES (111, 1, '线上', 'https://openapi.alipay.com/gateway.do', 'pay_channel_alipay_server_type', 0, '', '', '网关地址 - 线上', '1', '2021-11-18 16:59:32', '1', '2021-11-21 17:37:29', b'0');
INSERT INTO `sys_dict_data` VALUES (112, 2, '沙箱', 'https://openapi.alipaydev.com/gateway.do', 'pay_channel_alipay_server_type', 0, '', '', '网关地址 - 沙箱', '1', '2021-11-18 16:59:48', '1', '2021-11-21 17:37:39', b'0');
INSERT INTO `sys_dict_data` VALUES (113, 1, '微信 JSAPI 支付', 'wx_pub', 'pay_channel_code_type', 0, '', '', '微信 JSAPI（公众号） 支付', '1', '2021-12-03 10:40:24', '1', '2021-12-04 16:41:00', b'0');
INSERT INTO `sys_dict_data` VALUES (114, 2, '微信小程序支付', 'wx_lite', 'pay_channel_code_type', 0, '', '', '微信小程序支付', '1', '2021-12-03 10:41:06', '1', '2021-12-03 10:41:06', b'0');
INSERT INTO `sys_dict_data` VALUES (115, 3, '微信 App 支付', 'wx_app', 'pay_channel_code_type', 0, '', '', '微信 App 支付', '1', '2021-12-03 10:41:20', '1', '2021-12-03 10:41:20', b'0');
INSERT INTO `sys_dict_data` VALUES (116, 4, '支付宝 PC 网站支付', 'alipay_pc', 'pay_channel_code_type', 0, '', '', '支付宝 PC 网站支付', '1', '2021-12-03 10:42:09', '1', '2021-12-03 10:42:09', b'0');
INSERT INTO `sys_dict_data` VALUES (117, 5, '支付宝 Wap 网站支付', 'alipay_wap', 'pay_channel_code_type', 0, '', '', '支付宝 Wap 网站支付', '1', '2021-12-03 10:42:26', '1', '2021-12-03 10:42:26', b'0');
INSERT INTO `sys_dict_data` VALUES (118, 6, '支付宝App 支付', 'alipay_app', 'pay_channel_code_type', 0, '', '', '支付宝App 支付', '1', '2021-12-03 10:42:55', '1', '2021-12-03 10:42:55', b'0');
INSERT INTO `sys_dict_data` VALUES (119, 7, '支付宝扫码支付', 'alipay_qr', 'pay_channel_code_type', 0, '', '', '支付宝扫码支付', '1', '2021-12-03 10:43:10', '1', '2021-12-03 10:43:10', b'0');
INSERT INTO `sys_dict_data` VALUES (120, 1, '通知成功', '10', 'pay_order_notify_status', 0, 'success', '', '通知成功', '1', '2021-12-03 11:02:41', '1', '2022-02-16 13:59:13', b'0');
INSERT INTO `sys_dict_data` VALUES (121, 2, '通知失败', '20', 'pay_order_notify_status', 0, 'danger', '', '通知失败', '1', '2021-12-03 11:02:59', '1', '2022-02-16 13:59:17', b'0');
INSERT INTO `sys_dict_data` VALUES (122, 3, '未通知', '0', 'pay_order_notify_status', 0, 'info', '', '未通知', '1', '2021-12-03 11:03:10', '1', '2022-02-16 13:59:23', b'0');
INSERT INTO `sys_dict_data` VALUES (123, 1, '支付成功', '10', 'pay_order_status', 0, 'success', '', '支付成功', '1', '2021-12-03 11:18:29', '1', '2022-02-16 15:24:25', b'0');
INSERT INTO `sys_dict_data` VALUES (124, 2, '支付关闭', '20', 'pay_order_status', 0, 'danger', '', '支付关闭', '1', '2021-12-03 11:18:42', '1', '2022-02-16 15:24:31', b'0');
INSERT INTO `sys_dict_data` VALUES (125, 3, '未支付', '0', 'pay_order_status', 0, 'info', '', '未支付', '1', '2021-12-03 11:18:18', '1', '2022-02-16 15:24:35', b'0');
INSERT INTO `sys_dict_data` VALUES (126, 1, '未退款', '0', 'pay_order_refund_status', 0, '', '', '未退款', '1', '2021-12-03 11:30:35', '1', '2021-12-03 11:34:05', b'0');
INSERT INTO `sys_dict_data` VALUES (127, 2, '部分退款', '10', 'pay_order_refund_status', 0, '', '', '部分退款', '1', '2021-12-03 11:30:44', '1', '2021-12-03 11:34:10', b'0');
INSERT INTO `sys_dict_data` VALUES (128, 3, '全部退款', '20', 'pay_order_refund_status', 0, '', '', '全部退款', '1', '2021-12-03 11:30:52', '1', '2021-12-03 11:34:14', b'0');
INSERT INTO `sys_dict_data` VALUES (1117, 1, '退款订单生成', '0', 'pay_refund_order_status', 0, 'primary', '', '退款订单生成', '1', '2021-12-10 16:44:44', '1', '2022-02-16 14:05:24', b'0');
INSERT INTO `sys_dict_data` VALUES (1118, 2, '退款成功', '1', 'pay_refund_order_status', 0, 'success', '', '退款成功', '1', '2021-12-10 16:44:59', '1', '2022-02-16 14:05:28', b'0');
INSERT INTO `sys_dict_data` VALUES (1119, 3, '退款失败', '2', 'pay_refund_order_status', 0, 'danger', '', '退款失败', '1', '2021-12-10 16:45:10', '1', '2022-02-16 14:05:34', b'0');
INSERT INTO `sys_dict_data` VALUES (1124, 8, '退款关闭', '99', 'pay_refund_order_status', 0, 'info', '', '退款关闭', '1', '2021-12-10 16:46:26', '1', '2022-02-16 14:05:40', b'0');
INSERT INTO `sys_dict_data` VALUES (1125, 0, '默认', '1', 'bpm_model_category', 0, 'primary', '', '流程分类 - 默认', '1', '2022-01-02 08:41:11', '1', '2022-02-16 20:01:42', b'0');
INSERT INTO `sys_dict_data` VALUES (1126, 0, 'OA', '2', 'bpm_model_category', 0, 'success', '', '流程分类 - OA', '1', '2022-01-02 08:41:22', '1', '2022-02-16 20:01:50', b'0');
INSERT INTO `sys_dict_data` VALUES (1127, 0, '进行中', '1', 'bpm_process_instance_status', 0, 'primary', '', '流程实例的状态 - 进行中', '1', '2022-01-07 23:47:22', '1', '2022-02-16 20:07:49', b'0');
INSERT INTO `sys_dict_data` VALUES (1128, 2, '已完成', '2', 'bpm_process_instance_status', 0, 'success', '', '流程实例的状态 - 已完成', '1', '2022-01-07 23:47:49', '1', '2022-02-16 20:07:54', b'0');
INSERT INTO `sys_dict_data` VALUES (1129, 1, '处理中', '1', 'bpm_process_instance_result', 0, 'primary', '', '流程实例的结果 - 处理中', '1', '2022-01-07 23:48:32', '1', '2022-02-16 09:53:26', b'0');
INSERT INTO `sys_dict_data` VALUES (1130, 2, '通过', '2', 'bpm_process_instance_result', 0, 'success', '', '流程实例的结果 - 通过', '1', '2022-01-07 23:48:45', '1', '2022-02-16 09:53:31', b'0');
INSERT INTO `sys_dict_data` VALUES (1131, 3, '不通过', '3', 'bpm_process_instance_result', 0, 'danger', '', '流程实例的结果 - 不通过', '1', '2022-01-07 23:48:55', '1', '2022-02-16 09:53:38', b'0');
INSERT INTO `sys_dict_data` VALUES (1132, 4, '已取消', '4', 'bpm_process_instance_result', 0, 'info', '', '流程实例的结果 - 撤销', '1', '2022-01-07 23:49:06', '1', '2022-02-16 09:53:42', b'0');
INSERT INTO `sys_dict_data` VALUES (1133, 10, '流程表单', '10', 'bpm_model_form_type', 0, '', '', '流程的表单类型 - 流程表单', '103', '2022-01-11 23:51:30', '103', '2022-01-11 23:51:30', b'0');
INSERT INTO `sys_dict_data` VALUES (1134, 20, '业务表单', '20', 'bpm_model_form_type', 0, '', '', '流程的表单类型 - 业务表单', '103', '2022-01-11 23:51:47', '103', '2022-01-11 23:51:47', b'0');
INSERT INTO `sys_dict_data` VALUES (1135, 10, '角色', '10', 'bpm_task_assign_rule_type', 0, 'info', '', '任务分配规则的类型 - 角色', '103', '2022-01-12 23:21:22', '1', '2022-02-16 20:06:14', b'0');
INSERT INTO `sys_dict_data` VALUES (1136, 20, '部门的成员', '20', 'bpm_task_assign_rule_type', 0, 'primary', '', '任务分配规则的类型 - 部门的成员', '103', '2022-01-12 23:21:47', '1', '2022-02-16 20:05:28', b'0');
INSERT INTO `sys_dict_data` VALUES (1137, 21, '部门的负责人', '21', 'bpm_task_assign_rule_type', 0, 'primary', '', '任务分配规则的类型 - 部门的负责人', '103', '2022-01-12 23:33:36', '1', '2022-02-16 20:05:31', b'0');
INSERT INTO `sys_dict_data` VALUES (1138, 30, '用户', '30', 'bpm_task_assign_rule_type', 0, 'info', '', '任务分配规则的类型 - 用户', '103', '2022-01-12 23:34:02', '1', '2022-02-16 20:05:50', b'0');
INSERT INTO `sys_dict_data` VALUES (1139, 40, '用户组', '40', 'bpm_task_assign_rule_type', 0, 'warning', '', '任务分配规则的类型 - 用户组', '103', '2022-01-12 23:34:21', '1', '2022-02-16 20:05:57', b'0');
INSERT INTO `sys_dict_data` VALUES (1140, 50, '自定义脚本', '50', 'bpm_task_assign_rule_type', 0, 'danger', '', '任务分配规则的类型 - 自定义脚本', '103', '2022-01-12 23:34:43', '1', '2022-02-16 20:06:01', b'0');
INSERT INTO `sys_dict_data` VALUES (1141, 22, '岗位', '22', 'bpm_task_assign_rule_type', 0, 'success', '', '任务分配规则的类型 - 岗位', '103', '2022-01-14 18:41:55', '1', '2022-02-16 20:05:39', b'0');
INSERT INTO `sys_dict_data` VALUES (1142, 10, '流程发起人', '10', 'bpm_task_assign_script', 0, '', '', '任务分配自定义脚本 - 流程发起人', '103', '2022-01-15 00:10:57', '103', '2022-01-15 21:24:10', b'0');
INSERT INTO `sys_dict_data` VALUES (1143, 20, '流程发起人的一级领导', '20', 'bpm_task_assign_script', 0, '', '', '任务分配自定义脚本 - 流程发起人的一级领导', '103', '2022-01-15 21:24:31', '103', '2022-01-15 21:24:31', b'0');
INSERT INTO `sys_dict_data` VALUES (1144, 21, '流程发起人的二级领导', '21', 'bpm_task_assign_script', 0, '', '', '任务分配自定义脚本 - 流程发起人的二级领导', '103', '2022-01-15 21:24:46', '103', '2022-01-15 21:24:57', b'0');
INSERT INTO `sys_dict_data` VALUES (1145, 1, '管理后台', '1', 'infra_codegen_scene', 0, '', '', '代码生成的场景枚举 - 管理后台', '1', '2022-02-02 13:15:06', '1', '2022-03-10 16:32:59', b'0');
INSERT INTO `sys_dict_data` VALUES (1146, 2, '用户 APP', '2', 'infra_codegen_scene', 0, '', '', '代码生成的场景枚举 - 用户 APP', '1', '2022-02-02 13:15:19', '1', '2022-03-10 16:33:03', b'0');
INSERT INTO `sys_dict_data` VALUES (1147, 0, '未退款', '0', 'pay_refund_order_type', 0, 'info', '', '退款类型 - 未退款', '1', '2022-02-16 14:09:01', '1', '2022-02-16 14:09:01', b'0');
INSERT INTO `sys_dict_data` VALUES (1148, 10, '部分退款', '10', 'pay_refund_order_type', 0, 'success', '', '退款类型 - 部分退款', '1', '2022-02-16 14:09:25', '1', '2022-02-16 14:11:38', b'0');
INSERT INTO `sys_dict_data` VALUES (1149, 20, '全部退款', '20', 'pay_refund_order_type', 0, 'warning', '', '退款类型 - 全部退款', '1', '2022-02-16 14:11:33', '1', '2022-02-16 14:11:33', b'0');
INSERT INTO `sys_dict_data` VALUES (1150, 1, '数据库', '1', 'infra_file_storage', 0, 'default', '', NULL, '1', '2022-03-15 00:25:28', '1', '2022-03-15 00:25:28', b'0');
INSERT INTO `sys_dict_data` VALUES (1151, 10, '本地磁盘', '10', 'infra_file_storage', 0, 'default', '', NULL, '1', '2022-03-15 00:25:41', '1', '2022-03-15 00:25:56', b'0');
INSERT INTO `sys_dict_data` VALUES (1152, 11, 'FTP 服务器', '11', 'infra_file_storage', 0, 'default', '', NULL, '1', '2022-03-15 00:26:06', '1', '2022-03-15 00:26:10', b'0');
INSERT INTO `sys_dict_data` VALUES (1153, 12, 'SFTP 服务器', '12', 'infra_file_storage', 0, 'default', '', NULL, '1', '2022-03-15 00:26:22', '1', '2022-03-15 00:26:22', b'0');
INSERT INTO `sys_dict_data` VALUES (1154, 20, 'S3 对象存储', '20', 'infra_file_storage', 0, 'default', '', NULL, '1', '2022-03-15 00:26:31', '1', '2022-03-15 00:26:45', b'0');
INSERT INTO `sys_dict_data` VALUES (1155, 103, '短信登录', '103', 'sys_login_type', 0, 'default', '', NULL, '1', '2022-05-09 23:57:58', '1', '2022-05-09 23:58:09', b'0');
INSERT INTO `sys_dict_data` VALUES (1156, 1, 'password', 'password', 'sys_oauth2_grant_type', 0, 'default', '', '密码模式', '1', '2022-05-12 00:22:05', '1', '2022-05-11 16:26:01', b'0');
INSERT INTO `sys_dict_data` VALUES (1157, 2, 'authorization_code', 'authorization_code', 'sys_oauth2_grant_type', 0, 'primary', '', '授权码模式', '1', '2022-05-12 00:22:59', '1', '2022-05-11 16:26:02', b'0');
INSERT INTO `sys_dict_data` VALUES (1158, 3, 'implicit', 'implicit', 'sys_oauth2_grant_type', 0, 'success', '', '简化模式', '1', '2022-05-12 00:23:40', '1', '2022-05-11 16:26:05', b'0');
INSERT INTO `sys_dict_data` VALUES (1159, 4, 'client_credentials', 'client_credentials', 'sys_oauth2_grant_type', 0, 'default', '', '客户端模式', '1', '2022-05-12 00:23:51', '1', '2022-05-11 16:26:08', b'0');
INSERT INTO `sys_dict_data` VALUES (1160, 5, 'refresh_token', 'refresh_token', 'sys_oauth2_grant_type', 0, 'info', '', '刷新模式', '1', '2022-05-12 00:24:02', '1', '2022-05-11 16:26:11', b'0');
INSERT INTO `sys_dict_data` VALUES (1162, 1, '销售中', '1', 'product_spu_status', 0, 'success', '', '商品 SPU 状态 - 销售中', '1', '2022-10-24 21:19:47', '1', '2022-10-24 21:20:38', b'0');
INSERT INTO `sys_dict_data` VALUES (1163, 0, '仓库中', '0', 'product_spu_status', 0, 'info', '', '商品 SPU 状态 - 仓库中', '1', '2022-10-24 21:20:54', '1', '2022-10-24 21:21:22', b'0');
INSERT INTO `sys_dict_data` VALUES (1164, 0, '回收站', '-1', 'product_spu_status', 0, 'default', '', '商品 SPU 状态 - 回收站', '1', '2022-10-24 21:21:11', '1', '2022-10-24 21:21:11', b'0');
INSERT INTO `sys_dict_data` VALUES (1165, 1, '满减', '1', 'promotion_discount_type', 0, 'success', '', '优惠类型 - 满减', '1', '2022-11-01 12:46:41', '1', '2022-11-01 12:50:11', b'0');
INSERT INTO `sys_dict_data` VALUES (1166, 2, '折扣', '2', 'promotion_discount_type', 0, 'primary', '', '优惠类型 - 折扣', '1', '2022-11-01 12:46:51', '1', '2022-11-01 12:50:08', b'0');
INSERT INTO `sys_dict_data` VALUES (1167, 1, '固定日期', '1', 'promotion_coupon_template_validity_type', 0, 'default', '', '优惠劵模板的有限期类型 - 固定日期', '1', '2022-11-02 00:07:34', '1', '2022-11-04 00:07:49', b'0');
INSERT INTO `sys_dict_data` VALUES (1168, 2, '领取之后', '2', 'promotion_coupon_template_validity_type', 0, 'default', '', '优惠劵模板的有限期类型 - 领取之后', '1', '2022-11-02 00:07:54', '1', '2022-11-04 00:07:52', b'0');
INSERT INTO `sys_dict_data` VALUES (1169, 1, '全部商品参与', '1', 'promotion_product_scope', 0, 'default', '', '营销的商品范围 - 全部商品参与', '1', '2022-11-02 00:28:22', '1', '2022-11-02 00:28:22', b'0');
INSERT INTO `sys_dict_data` VALUES (1170, 2, '指定商品参与', '2', 'promotion_product_scope', 0, 'default', '', '营销的商品范围 - 指定商品参与', '1', '2022-11-02 00:28:34', '1', '2022-11-02 00:28:40', b'0');
INSERT INTO `sys_dict_data` VALUES (1171, 1, '已领取', '1', 'promotion_coupon_status', 0, 'primary', '', '优惠劵的状态 - 已领取', '1', '2022-11-04 00:15:08', '1', '2022-11-04 19:16:04', b'0');
INSERT INTO `sys_dict_data` VALUES (1172, 2, '已使用', '2', 'promotion_coupon_status', 0, 'success', '', '优惠劵的状态 - 已使用', '1', '2022-11-04 00:15:21', '1', '2022-11-04 19:16:08', b'0');
INSERT INTO `sys_dict_data` VALUES (1173, 3, '已过期', '3', 'promotion_coupon_status', 0, 'info', '', '优惠劵的状态 - 已过期', '1', '2022-11-04 00:15:43', '1', '2022-11-04 19:16:12', b'0');
INSERT INTO `sys_dict_data` VALUES (1174, 1, '直接领取', '1', 'promotion_coupon_take_type', 0, 'primary', '', '优惠劵的领取方式 - 直接领取', '1', '2022-11-04 19:13:00', '1', '2022-11-04 19:13:25', b'0');
INSERT INTO `sys_dict_data` VALUES (1175, 2, '指定发放', '2', 'promotion_coupon_take_type', 0, 'success', '', '优惠劵的领取方式 - 指定发放', '1', '2022-11-04 19:13:13', '1', '2022-11-04 19:14:48', b'0');
INSERT INTO `sys_dict_data` VALUES (1176, 10, '未开始', '10', 'promotion_activity_status', 0, 'primary', '', '促销活动的状态枚举 - 未开始', '1', '2022-11-04 22:54:49', '1', '2022-11-04 22:55:53', b'0');
INSERT INTO `sys_dict_data` VALUES (1177, 20, '进行中', '20', 'promotion_activity_status', 0, 'success', '', '促销活动的状态枚举 - 进行中', '1', '2022-11-04 22:55:06', '1', '2022-11-04 22:55:20', b'0');
INSERT INTO `sys_dict_data` VALUES (1178, 30, '已结束', '30', 'promotion_activity_status', 0, 'info', '', '促销活动的状态枚举 - 已结束', '1', '2022-11-04 22:55:41', '1', '2022-11-04 22:55:41', b'0');
INSERT INTO `sys_dict_data` VALUES (1179, 40, '已关闭', '40', 'promotion_activity_status', 0, 'warning', '', '促销活动的状态枚举 - 已关闭', '1', '2022-11-04 22:56:10', '1', '2022-11-04 22:56:18', b'0');
INSERT INTO `sys_dict_data` VALUES (1180, 10, '满 N 元', '10', 'promotion_condition_type', 0, 'primary', '', '营销的条件类型 - 满 N 元', '1', '2022-11-04 22:59:45', '1', '2022-11-04 22:59:45', b'0');
INSERT INTO `sys_dict_data` VALUES (1181, 20, '满 N 件', '20', 'promotion_condition_type', 0, 'success', '', '营销的条件类型 - 满 N 件', '1', '2022-11-04 23:00:02', '1', '2022-11-04 23:00:02', b'0');
INSERT INTO `sys_dict_data` VALUES (1182, 10, '申请售后', '10', 'trade_after_sale_status', 0, 'primary', '', '交易售后状态 - 申请售后', '1', '2022-11-19 20:53:33', '1', '2022-11-19 20:54:42', b'0');
INSERT INTO `sys_dict_data` VALUES (1183, 20, '商品待退货', '20', 'trade_after_sale_status', 0, 'primary', '', '交易售后状态 - 商品待退货', '1', '2022-11-19 20:54:36', '1', '2022-11-19 20:58:58', b'0');
INSERT INTO `sys_dict_data` VALUES (1184, 30, '商家待收货', '30', 'trade_after_sale_status', 0, 'primary', '', '交易售后状态 - 商家待收货', '1', '2022-11-19 20:56:56', '1', '2022-11-19 20:59:20', b'0');
INSERT INTO `sys_dict_data` VALUES (1185, 40, '等待退款', '40', 'trade_after_sale_status', 0, 'primary', '', '交易售后状态 - 等待退款', '1', '2022-11-19 20:59:54', '1', '2022-11-19 21:00:01', b'0');
INSERT INTO `sys_dict_data` VALUES (1186, 50, '退款成功', '50', 'trade_after_sale_status', 0, 'default', '', '交易售后状态 - 退款成功', '1', '2022-11-19 21:00:33', '1', '2022-11-19 21:00:33', b'0');
INSERT INTO `sys_dict_data` VALUES (1187, 61, '买家取消', '61', 'trade_after_sale_status', 0, 'info', '', '交易售后状态 - 买家取消', '1', '2022-11-19 21:01:29', '1', '2022-11-19 21:01:29', b'0');
INSERT INTO `sys_dict_data` VALUES (1188, 62, '商家拒绝', '62', 'trade_after_sale_status', 0, 'info', '', '交易售后状态 - 商家拒绝', '1', '2022-11-19 21:02:17', '1', '2022-11-19 21:02:17', b'0');
INSERT INTO `sys_dict_data` VALUES (1189, 63, '商家拒收货', '63', 'trade_after_sale_status', 0, 'info', '', '交易售后状态 - 商家拒收货', '1', '2022-11-19 21:02:37', '1', '2022-11-19 21:03:07', b'0');
INSERT INTO `sys_dict_data` VALUES (1190, 10, '售中退款', '10', 'trade_after_sale_type', 0, 'success', '', '交易售后的类型 - 售中退款', '1', '2022-11-19 21:05:05', '1', '2022-11-19 21:38:23', b'0');
INSERT INTO `sys_dict_data` VALUES (1191, 20, '售后退款', '20', 'trade_after_sale_type', 0, 'primary', '', '交易售后的类型 - 售后退款', '1', '2022-11-19 21:05:32', '1', '2022-11-19 21:38:32', b'0');
INSERT INTO `sys_dict_data` VALUES (1192, 10, '仅退款', '10', 'trade_after_sale_way', 0, 'primary', '', '交易售后的方式 - 仅退款', '1', '2022-11-19 21:39:19', '1', '2022-11-19 21:39:19', b'0');
INSERT INTO `sys_dict_data` VALUES (1193, 20, '退货退款', '20', 'trade_after_sale_way', 0, 'success', '', '交易售后的方式 - 退货退款', '1', '2022-11-19 21:39:38', '1', '2022-11-19 21:39:49', b'0');
INSERT INTO `sys_dict_data` VALUES (1194, 10, '微信小程序', '10', 'terminal', 0, 'default', '', '终端 - 微信小程序', '1', '2022-12-10 10:51:11', '1', '2022-12-10 10:51:57', b'0');
INSERT INTO `sys_dict_data` VALUES (1195, 20, 'H5 网页', '20', 'terminal', 0, 'default', '', '终端 - H5 网页', '1', '2022-12-10 10:51:30', '1', '2022-12-10 10:51:59', b'0');
INSERT INTO `sys_dict_data` VALUES (1196, 11, '微信公众号', '11', 'terminal', 0, 'default', '', '终端 - 微信公众号', '1', '2022-12-10 10:54:16', '1', '2022-12-10 10:52:01', b'0');
INSERT INTO `sys_dict_data` VALUES (1197, 31, '苹果 App', '31', 'terminal', 0, 'default', '', '终端 - 苹果 App', '1', '2022-12-10 10:54:42', '1', '2022-12-10 10:52:18', b'0');
INSERT INTO `sys_dict_data` VALUES (1198, 32, '安卓 App', '32', 'terminal', 0, 'default', '', '终端 - 安卓 App', '1', '2022-12-10 10:55:02', '1', '2022-12-10 10:59:17', b'0');
INSERT INTO `sys_dict_data` VALUES (1199, 0, '普通订单', '0', 'trade_order_type', 0, 'default', '', '交易订单的类型 - 普通订单', '1', '2022-12-10 16:34:14', '1', '2022-12-10 16:34:14', b'0');
INSERT INTO `sys_dict_data` VALUES (1200, 1, '秒杀订单', '1', 'trade_order_type', 0, 'default', '', '交易订单的类型 - 秒杀订单', '1', '2022-12-10 16:34:26', '1', '2022-12-10 16:34:26', b'0');
INSERT INTO `sys_dict_data` VALUES (1201, 2, '拼团订单', '2', 'trade_order_type', 0, 'default', '', '交易订单的类型 - 拼团订单', '1', '2022-12-10 16:34:36', '1', '2022-12-10 16:34:36', b'0');
INSERT INTO `sys_dict_data` VALUES (1202, 3, '砍价订单', '3', 'trade_order_type', 0, 'default', '', '交易订单的类型 - 砍价订单', '1', '2022-12-10 16:34:48', '1', '2022-12-10 16:34:48', b'0');
INSERT INTO `sys_dict_data` VALUES (1203, 0, '待支付', '0', 'trade_order_status', 0, 'default', '', '交易订单状态 - 待支付', '1', '2022-12-10 16:49:29', '1', '2022-12-10 16:49:29', b'0');
INSERT INTO `sys_dict_data` VALUES (1204, 10, '待发货', '10', 'trade_order_status', 0, 'primary', '', '交易订单状态 - 待发货', '1', '2022-12-10 16:49:53', '1', '2022-12-10 16:51:17', b'0');
INSERT INTO `sys_dict_data` VALUES (1205, 20, '已发货', '20', 'trade_order_status', 0, 'primary', '', '交易订单状态 - 已发货', '1', '2022-12-10 16:50:13', '1', '2022-12-10 16:51:31', b'0');
INSERT INTO `sys_dict_data` VALUES (1206, 30, '已完成', '30', 'trade_order_status', 0, 'success', '', '交易订单状态 - 已完成', '1', '2022-12-10 16:50:30', '1', '2022-12-10 16:51:06', b'0');
INSERT INTO `sys_dict_data` VALUES (1207, 40, '已取消', '40', 'trade_order_status', 0, 'danger', '', '交易订单状态 - 已取消', '1', '2022-12-10 16:50:50', '1', '2022-12-10 16:51:00', b'0');
INSERT INTO `sys_dict_data` VALUES (1208, 0, '未售后', '0', 'trade_order_item_after_sale_status', 0, 'info', '', '交易订单项的售后状态 - 未售后', '1', '2022-12-10 20:58:42', '1', '2022-12-10 20:59:29', b'0');
INSERT INTO `sys_dict_data` VALUES (1209, 1, '售后中', '1', 'trade_order_item_after_sale_status', 0, 'primary', '', '交易订单项的售后状态 - 售后中', '1', '2022-12-10 20:59:21', '1', '2022-12-10 20:59:21', b'0');
INSERT INTO `sys_dict_data` VALUES (1210, 2, '已退款', '2', 'trade_order_item_after_sale_status', 0, 'success', '', '交易订单项的售后状态 - 已退款', '1', '2022-12-10 20:59:46', '1', '2022-12-10 20:59:46', b'0');
INSERT INTO `sys_dict_data` VALUES (1211, 1, '完全匹配', '1', 'mp_auto_reply_request_match', 0, 'primary', '', '公众号自动回复的请求关键字匹配模式 - 完全匹配', '1', '2023-01-16 23:30:39', '1', '2023-01-16 23:31:00', b'0');
INSERT INTO `sys_dict_data` VALUES (1212, 2, '半匹配', '2', 'mp_auto_reply_request_match', 0, 'success', '', '公众号自动回复的请求关键字匹配模式 - 半匹配', '1', '2023-01-16 23:30:55', '1', '2023-01-16 23:31:10', b'0');
INSERT INTO `sys_dict_data` VALUES (1213, 1, '文本', 'text', 'mp_message_type', 0, 'default', '', '公众号的消息类型 - 文本', '1', '2023-01-17 22:17:32', '1', '2023-01-17 22:17:39', b'0');
INSERT INTO `sys_dict_data` VALUES (1214, 2, '图片', 'image', 'mp_message_type', 0, 'default', '', '公众号的消息类型 - 图片', '1', '2023-01-17 22:17:32', '1', '2023-01-17 14:19:47', b'0');
INSERT INTO `sys_dict_data` VALUES (1215, 3, '语音', 'voice', 'mp_message_type', 0, 'default', '', '公众号的消息类型 - 语音', '1', '2023-01-17 22:17:32', '1', '2023-01-17 14:20:08', b'0');
INSERT INTO `sys_dict_data` VALUES (1216, 4, '视频', 'video', 'mp_message_type', 0, 'default', '', '公众号的消息类型 - 视频', '1', '2023-01-17 22:17:32', '1', '2023-01-17 14:21:08', b'0');
INSERT INTO `sys_dict_data` VALUES (1217, 5, '小视频', 'shortvideo', 'mp_message_type', 0, 'default', '', '公众号的消息类型 - 小视频', '1', '2023-01-17 22:17:32', '1', '2023-01-17 14:19:59', b'0');
INSERT INTO `sys_dict_data` VALUES (1218, 6, '图文', 'news', 'mp_message_type', 0, 'default', '', '公众号的消息类型 - 图文', '1', '2023-01-17 22:17:32', '1', '2023-01-17 14:22:54', b'0');
INSERT INTO `sys_dict_data` VALUES (1219, 7, '音乐', 'music', 'mp_message_type', 0, 'default', '', '公众号的消息类型 - 音乐', '1', '2023-01-17 22:17:32', '1', '2023-01-17 14:22:54', b'0');
INSERT INTO `sys_dict_data` VALUES (1220, 8, '地理位置', 'location', 'mp_message_type', 0, 'default', '', '公众号的消息类型 - 地理位置', '1', '2023-01-17 22:17:32', '1', '2023-01-17 14:23:51', b'0');
INSERT INTO `sys_dict_data` VALUES (1221, 9, '链接', 'link', 'mp_message_type', 0, 'default', '', '公众号的消息类型 - 链接', '1', '2023-01-17 22:17:32', '1', '2023-01-17 14:24:49', b'0');
INSERT INTO `sys_dict_data` VALUES (1222, 10, '事件', 'event', 'mp_message_type', 0, 'default', '', '公众号的消息类型 - 事件', '1', '2023-01-17 22:17:32', '1', '2023-01-17 14:24:49', b'0');
INSERT INTO `sys_dict_data` VALUES (1223, 0, '初始化', '0', 'sys_mail_send_status', 0, 'primary', '', '邮件发送状态 - 初始化\n', '1', '2023-01-26 09:53:49', '1', '2023-01-26 16:36:14', b'0');
INSERT INTO `sys_dict_data` VALUES (1224, 10, '发送成功', '10', 'sys_mail_send_status', 0, 'success', '', '邮件发送状态 - 发送成功', '1', '2023-01-26 09:54:28', '1', '2023-01-26 16:36:22', b'0');
INSERT INTO `sys_dict_data` VALUES (1225, 20, '发送失败', '20', 'sys_mail_send_status', 0, 'danger', '', '邮件发送状态 - 发送失败', '1', '2023-01-26 09:54:50', '1', '2023-01-26 16:36:26', b'0');
INSERT INTO `sys_dict_data` VALUES (1226, 30, '不发送', '30', 'sys_mail_send_status', 0, 'info', '', '邮件发送状态 -  不发送', '1', '2023-01-26 09:55:06', '1', '2023-01-26 16:36:36', b'0');
INSERT INTO `sys_dict_data` VALUES (1227, 1, '通知公告', '1', 'sys_notify_template_type', 0, 'primary', '', '站内信模版的类型 - 通知公告', '1', '2023-01-28 10:35:59', '1', '2023-01-28 10:35:59', b'0');
INSERT INTO `sys_dict_data` VALUES (1228, 2, '系统消息', '2', 'sys_notify_template_type', 0, 'success', '', '站内信模版的类型 - 系统消息', '1', '2023-01-28 10:36:20', '1', '2023-01-28 10:36:25', b'0');
INSERT INTO `sys_dict_data` VALUES (1229, 0, '模拟支付', 'mock', 'pay_channel_code_type', 0, 'default', '', NULL, '1', '2023-02-12 21:50:22', '1', '2023-02-12 21:50:22', b'0');
INSERT INTO `sys_dict_data` VALUES (1230, 8, '支付宝条码支付', 'alipay_bar', 'pay_channel_code_type', 0, 'default', '', NULL, '1', '2023-02-18 23:32:24', '1', '2023-02-18 23:32:32', b'0');
INSERT INTO `sys_dict_data` VALUES (1231, 10, 'Vue2 Element UI 标准模版', '10', 'infra_codegen_front_type', 0, '', '', '', '1', '2023-04-13 00:03:55', '1', '2023-04-13 00:03:55', b'0');
INSERT INTO `sys_dict_data` VALUES (1232, 20, 'Vue3 Element Plus 标准模版', '20', 'infra_codegen_front_type', 0, '', '', '', '1', '2023-04-13 00:04:08', '1', '2023-04-13 00:04:08', b'0');
INSERT INTO `sys_dict_data` VALUES (1233, 21, 'Vue3 Element Plus Schema 模版', '21', 'infra_codegen_front_type', 0, '', '', '', '1', '2023-04-13 00:04:26', '1', '2023-04-13 00:04:26', b'0');
INSERT INTO `sys_dict_data` VALUES (1234, 30, 'Vue3 vben 模版', '30', 'infra_codegen_front_type', 0, '', '', '', '1', '2023-04-13 00:04:26', '1', '2023-04-13 00:04:26', b'0');

-- ----------------------------
-- Table structure for sys_dict_type
-- ----------------------------
DROP TABLE IF EXISTS `sys_dict_type`;
CREATE TABLE `sys_dict_type`  (
  `id` bigint(20) NOT NULL AUTO_INCREMENT COMMENT '字典主键',
  `name` varchar(100) CHARACTER SET utf8mb4 COLLATE utf8mb4_unicode_ci NOT NULL DEFAULT '' COMMENT '字典名称',
  `type` varchar(100) CHARACTER SET utf8mb4 COLLATE utf8mb4_unicode_ci NOT NULL DEFAULT '' COMMENT '字典类型',
  `status` tinyint(4) NOT NULL DEFAULT 0 COMMENT '状态（0正常 1停用）',
  `remark` varchar(500) CHARACTER SET utf8mb4 COLLATE utf8mb4_unicode_ci NULL DEFAULT NULL COMMENT '备注',
  `creator` varchar(64) CHARACTER SET utf8mb4 COLLATE utf8mb4_unicode_ci NULL DEFAULT '' COMMENT '创建者',
  `create_time` datetime NOT NULL DEFAULT CURRENT_TIMESTAMP COMMENT '创建时间',
  `updater` varchar(64) CHARACTER SET utf8mb4 COLLATE utf8mb4_unicode_ci NULL DEFAULT '' COMMENT '更新者',
  `update_time` datetime NOT NULL DEFAULT CURRENT_TIMESTAMP ON UPDATE CURRENT_TIMESTAMP COMMENT '更新时间',
  `deleted` bit(1) NOT NULL DEFAULT b'0' COMMENT '是否删除',
  PRIMARY KEY (`id`) USING BTREE,
  UNIQUE INDEX `dict_type`(`type`) USING BTREE
) ENGINE = InnoDB AUTO_INCREMENT = 169 CHARACTER SET = utf8mb4 COLLATE = utf8mb4_unicode_ci COMMENT = '字典类型表' ROW_FORMAT = Dynamic;

-- ----------------------------
-- Records of sys_dict_type
-- ----------------------------
INSERT INTO `sys_dict_type` VALUES (1, '用户性别', 'sys_user_sex', 0, NULL, 'admin', '2021-01-05 17:03:48', '1', '2022-05-16 20:29:32', b'0');
INSERT INTO `sys_dict_type` VALUES (6, '参数类型', 'infra_config_type', 0, NULL, 'admin', '2021-01-05 17:03:48', '', '2022-02-01 16:36:54', b'0');
INSERT INTO `sys_dict_type` VALUES (7, '通知类型', 'sys_notice_type', 0, NULL, 'admin', '2021-01-05 17:03:48', '', '2022-02-01 16:35:26', b'0');
INSERT INTO `sys_dict_type` VALUES (9, '操作类型', 'sys_operate_type', 0, NULL, 'admin', '2021-01-05 17:03:48', '1', '2022-02-16 09:32:21', b'0');
INSERT INTO `sys_dict_type` VALUES (10, '系统状态', 'common_status', 0, NULL, 'admin', '2021-01-05 17:03:48', '', '2022-02-01 16:21:28', b'0');
INSERT INTO `sys_dict_type` VALUES (11, 'Boolean 是否类型', 'infra_boolean_string', 0, 'boolean 转是否', '', '2021-01-19 03:20:08', '', '2022-02-01 16:37:10', b'0');
INSERT INTO `sys_dict_type` VALUES (104, '登陆结果', 'sys_login_result', 0, '登陆结果', '', '2021-01-18 06:17:11', '', '2022-02-01 16:36:00', b'0');
INSERT INTO `sys_dict_type` VALUES (105, 'Redis 超时类型', 'infra_redis_timeout_type', 0, 'RedisKeyDefine.TimeoutTypeEnum', '', '2021-01-26 00:52:50', '', '2022-02-01 16:50:29', b'0');
INSERT INTO `sys_dict_type` VALUES (106, '代码生成模板类型', 'infra_codegen_template_type', 0, NULL, '', '2021-02-05 07:08:06', '1', '2022-05-16 20:26:50', b'0');
INSERT INTO `sys_dict_type` VALUES (107, '定时任务状态', 'infra_job_status', 0, NULL, '', '2021-02-07 07:44:16', '', '2022-02-01 16:51:11', b'0');
INSERT INTO `sys_dict_type` VALUES (108, '定时任务日志状态', 'infra_job_log_status', 0, NULL, '', '2021-02-08 10:03:51', '', '2022-02-01 16:50:43', b'0');
INSERT INTO `sys_dict_type` VALUES (109, '用户类型', 'user_type', 0, NULL, '', '2021-02-26 00:15:51', '', '2021-02-26 00:15:51', b'0');
INSERT INTO `sys_dict_type` VALUES (110, 'API 异常数据的处理状态', 'infra_api_error_log_process_status', 0, NULL, '', '2021-02-26 07:07:01', '', '2022-02-01 16:50:53', b'0');
INSERT INTO `sys_dict_type` VALUES (111, '短信渠道编码', 'sys_sms_channel_code', 0, NULL, '1', '2021-04-05 01:04:50', '1', '2022-02-16 02:09:08', b'0');
INSERT INTO `sys_dict_type` VALUES (112, '短信模板的类型', 'sys_sms_template_type', 0, NULL, '1', '2021-04-05 21:50:43', '1', '2022-02-01 16:35:06', b'0');
INSERT INTO `sys_dict_type` VALUES (113, '短信发送状态', 'sys_sms_send_status', 0, NULL, '1', '2021-04-11 20:18:03', '1', '2022-02-01 16:35:09', b'0');
INSERT INTO `sys_dict_type` VALUES (114, '短信接收状态', 'sys_sms_receive_status', 0, NULL, '1', '2021-04-11 20:27:14', '1', '2022-02-01 16:35:14', b'0');
INSERT INTO `sys_dict_type` VALUES (115, '错误码的类型', 'sys_error_code_type', 0, NULL, '1', '2021-04-21 00:06:30', '1', '2022-02-01 16:36:49', b'0');
INSERT INTO `sys_dict_type` VALUES (116, '登陆日志的类型', 'sys_login_type', 0, '登陆日志的类型', '1', '2021-10-06 00:50:46', '1', '2022-02-01 16:35:56', b'0');
INSERT INTO `sys_dict_type` VALUES (117, 'OA 请假类型', 'bpm_oa_leave_type', 0, NULL, '1', '2021-09-21 22:34:33', '1', '2022-01-22 10:41:37', b'0');
INSERT INTO `sys_dict_type` VALUES (122, '支付渠道微信版本', 'pay_channel_wechat_version', 0, '支付渠道微信版本', '1', '2021-11-08 17:00:26', '1', '2021-11-08 17:00:26', b'0');
INSERT INTO `sys_dict_type` VALUES (127, '支付渠道支付宝算法类型', 'pay_channel_alipay_sign_type', 0, '支付渠道支付宝算法类型', '1', '2021-11-18 15:39:09', '1', '2021-11-18 15:39:09', b'0');
INSERT INTO `sys_dict_type` VALUES (128, '支付渠道支付宝公钥类型', 'pay_channel_alipay_mode', 0, '支付渠道支付宝公钥类型', '1', '2021-11-18 15:44:28', '1', '2021-11-18 15:44:28', b'0');
INSERT INTO `sys_dict_type` VALUES (129, '支付宝网关地址', 'pay_channel_alipay_server_type', 0, '支付宝网关地址', '1', '2021-11-18 16:58:55', '1', '2021-11-18 17:01:34', b'0');
INSERT INTO `sys_dict_type` VALUES (130, '支付渠道编码类型', 'pay_channel_code_type', 0, '支付渠道的编码', '1', '2021-12-03 10:35:08', '1', '2021-12-03 10:35:08', b'0');
INSERT INTO `sys_dict_type` VALUES (131, '支付订单回调状态', 'pay_order_notify_status', 0, '支付订单回调状态', '1', '2021-12-03 10:53:29', '1', '2021-12-03 10:53:29', b'0');
INSERT INTO `sys_dict_type` VALUES (132, '支付订单状态', 'pay_order_status', 0, '支付订单状态', '1', '2021-12-03 11:17:50', '1', '2021-12-03 11:17:50', b'0');
INSERT INTO `sys_dict_type` VALUES (133, '支付订单退款状态', 'pay_order_refund_status', 0, '支付订单退款状态', '1', '2021-12-03 11:27:31', '1', '2021-12-03 11:27:31', b'0');
INSERT INTO `sys_dict_type` VALUES (134, '退款订单状态', 'pay_refund_order_status', 0, '退款订单状态', '1', '2021-12-10 16:42:50', '1', '2021-12-10 16:42:50', b'0');
INSERT INTO `sys_dict_type` VALUES (135, '退款订单类别', 'pay_refund_order_type', 0, '退款订单类别', '1', '2021-12-10 17:14:53', '1', '2021-12-10 17:14:53', b'0');
INSERT INTO `sys_dict_type` VALUES (138, '流程分类', 'bpm_model_category', 0, '流程分类', '1', '2022-01-02 08:40:45', '1', '2022-01-02 08:40:45', b'0');
INSERT INTO `sys_dict_type` VALUES (139, '流程实例的状态', 'bpm_process_instance_status', 0, '流程实例的状态', '1', '2022-01-07 23:46:42', '1', '2022-01-07 23:46:42', b'0');
INSERT INTO `sys_dict_type` VALUES (140, '流程实例的结果', 'bpm_process_instance_result', 0, '流程实例的结果', '1', '2022-01-07 23:48:10', '1', '2022-01-07 23:48:10', b'0');
INSERT INTO `sys_dict_type` VALUES (141, '流程的表单类型', 'bpm_model_form_type', 0, '流程的表单类型', '103', '2022-01-11 23:50:45', '103', '2022-01-11 23:50:45', b'0');
INSERT INTO `sys_dict_type` VALUES (142, '任务分配规则的类型', 'bpm_task_assign_rule_type', 0, '任务分配规则的类型', '103', '2022-01-12 23:21:04', '103', '2022-01-12 15:46:10', b'0');
INSERT INTO `sys_dict_type` VALUES (143, '任务分配自定义脚本', 'bpm_task_assign_script', 0, '任务分配自定义脚本', '103', '2022-01-15 00:10:35', '103', '2022-01-15 00:10:35', b'0');
INSERT INTO `sys_dict_type` VALUES (144, '代码生成的场景枚举', 'infra_codegen_scene', 0, '代码生成的场景枚举', '1', '2022-02-02 13:14:45', '1', '2022-03-10 16:33:46', b'0');
INSERT INTO `sys_dict_type` VALUES (145, '角色类型', 'sys_role_type', 0, '角色类型', '1', '2022-02-16 13:01:46', '1', '2022-02-16 13:01:46', b'0');
INSERT INTO `sys_dict_type` VALUES (146, '文件存储器', 'infra_file_storage', 0, '文件存储器', '1', '2022-03-15 00:24:38', '1', '2022-03-15 00:24:38', b'0');
INSERT INTO `sys_dict_type` VALUES (147, 'OAuth 2.0 授权类型', 'sys_oauth2_grant_type', 0, 'OAuth 2.0 授权类型（模式）', '1', '2022-05-12 00:20:52', '1', '2022-05-11 16:25:49', b'0');
INSERT INTO `sys_dict_type` VALUES (149, '商品 SPU 状态', 'product_spu_status', 0, '商品 SPU 状态', '1', '2022-10-24 21:19:04', '1', '2022-10-24 21:19:08', b'0');
INSERT INTO `sys_dict_type` VALUES (150, '优惠类型', 'promotion_discount_type', 0, '优惠类型', '1', '2022-11-01 12:46:06', '1', '2022-11-01 12:46:06', b'0');
INSERT INTO `sys_dict_type` VALUES (151, '优惠劵模板的有限期类型', 'promotion_coupon_template_validity_type', 0, '优惠劵模板的有限期类型', '1', '2022-11-02 00:06:20', '1', '2022-11-04 00:08:26', b'0');
INSERT INTO `sys_dict_type` VALUES (152, '营销的商品范围', 'promotion_product_scope', 0, '营销的商品范围', '1', '2022-11-02 00:28:01', '1', '2022-11-02 00:28:01', b'0');
INSERT INTO `sys_dict_type` VALUES (153, '优惠劵的状态', 'promotion_coupon_status', 0, '优惠劵的状态', '1', '2022-11-04 00:14:49', '1', '2022-11-04 00:14:49', b'0');
INSERT INTO `sys_dict_type` VALUES (154, '优惠劵的领取方式', 'promotion_coupon_take_type', 0, '优惠劵的领取方式', '1', '2022-11-04 19:12:27', '1', '2022-11-04 19:12:27', b'0');
INSERT INTO `sys_dict_type` VALUES (155, '促销活动的状态', 'promotion_activity_status', 0, '促销活动的状态', '1', '2022-11-04 22:54:23', '1', '2022-11-04 22:54:23', b'0');
INSERT INTO `sys_dict_type` VALUES (156, '营销的条件类型', 'promotion_condition_type', 0, '营销的条件类型', '1', '2022-11-04 22:59:23', '1', '2022-11-04 22:59:23', b'0');
INSERT INTO `sys_dict_type` VALUES (157, '交易售后状态', 'trade_after_sale_status', 0, '交易售后状态', '1', '2022-11-19 20:52:56', '1', '2022-11-19 20:52:56', b'0');
INSERT INTO `sys_dict_type` VALUES (158, '交易售后的类型', 'trade_after_sale_type', 0, '交易售后的类型', '1', '2022-11-19 21:04:09', '1', '2022-11-19 21:04:09', b'0');
INSERT INTO `sys_dict_type` VALUES (159, '交易售后的方式', 'trade_after_sale_way', 0, '交易售后的方式', '1', '2022-11-19 21:39:04', '1', '2022-11-19 21:39:04', b'0');
INSERT INTO `sys_dict_type` VALUES (160, '终端', 'terminal', 0, '终端', '1', '2022-12-10 10:50:50', '1', '2022-12-10 10:53:11', b'0');
INSERT INTO `sys_dict_type` VALUES (161, '交易订单的类型', 'trade_order_type', 0, '交易订单的类型', '1', '2022-12-10 16:33:54', '1', '2022-12-10 16:33:54', b'0');
INSERT INTO `sys_dict_type` VALUES (162, '交易订单的状态', 'trade_order_status', 0, '交易订单的状态', '1', '2022-12-10 16:48:44', '1', '2022-12-10 16:48:44', b'0');
INSERT INTO `sys_dict_type` VALUES (163, '交易订单项的售后状态', 'trade_order_item_after_sale_status', 0, '交易订单项的售后状态', '1', '2022-12-10 20:58:08', '1', '2022-12-10 20:58:08', b'0');
INSERT INTO `sys_dict_type` VALUES (164, '公众号自动回复的请求关键字匹配模式', 'mp_auto_reply_request_match', 0, '公众号自动回复的请求关键字匹配模式', '1', '2023-01-16 23:29:56', '1', '2023-06-13 11:14:49', b'1');
INSERT INTO `sys_dict_type` VALUES (165, '公众号的消息类型', 'mp_message_type', 0, '公众号的消息类型', '1', '2023-01-17 22:17:09', '1', '2023-06-13 10:34:05', b'1');
INSERT INTO `sys_dict_type` VALUES (166, '邮件发送状态', 'sys_mail_send_status', 0, '邮件发送状态', '1', '2023-01-26 09:53:13', '1', '2023-06-13 10:34:06', b'1');
INSERT INTO `sys_dict_type` VALUES (167, '站内信模版的类型', 'sys_notify_template_type', 0, '站内信模版的类型', '1', '2023-01-28 10:35:10', '1', '2023-06-13 10:34:08', b'1');
INSERT INTO `sys_dict_type` VALUES (168, '代码生成的前端类型', 'infra_codegen_front_type', 0, '', '1', '2023-04-12 23:57:52', '1', '2023-06-13 10:34:09', b'1');

-- ----------------------------
-- Table structure for sys_menu
-- ----------------------------
DROP TABLE IF EXISTS `sys_menu`;
CREATE TABLE `sys_menu`  (
  `id` bigint(20) NOT NULL AUTO_INCREMENT COMMENT 'ID',
  `name` varchar(50) CHARACTER SET utf8mb4 COLLATE utf8mb4_general_ci NOT NULL COMMENT '菜单名称',
  `permission` varchar(100) CHARACTER SET utf8mb4 COLLATE utf8mb4_general_ci NOT NULL DEFAULT '' COMMENT '权限标识',
  `type` tinyint(4) NOT NULL COMMENT '菜单类型',
  `sort` int(11) NOT NULL DEFAULT 0 COMMENT '显示顺序',
  `parent_id` bigint(20) NULL DEFAULT NULL COMMENT '父菜单ID',
  `path` varchar(200) CHARACTER SET utf8mb4 COLLATE utf8mb4_general_ci NULL DEFAULT NULL COMMENT '路由地址',
  `icon` varchar(100) CHARACTER SET utf8mb4 COLLATE utf8mb4_general_ci NULL DEFAULT NULL COMMENT '菜单图标',
  `component` varchar(255) CHARACTER SET utf8mb4 COLLATE utf8mb4_general_ci NULL DEFAULT NULL COMMENT '组件路径',
  `component_name` varchar(255) CHARACTER SET utf8mb4 COLLATE utf8mb4_general_ci NULL DEFAULT NULL COMMENT '组件名',
  `status` tinyint(4) NOT NULL DEFAULT 0 COMMENT '状态（0正常 1停用）',
  `visible` bit(1) NOT NULL DEFAULT b'1' COMMENT '是否可见',
  `keep_alive` bit(1) NOT NULL DEFAULT b'1' COMMENT '是否缓存',
  `always_show` bit(1) NOT NULL DEFAULT b'1' COMMENT '是否总是显示',
  `open_style` tinyint(4) NULL DEFAULT 0 COMMENT '打开方式   0：内部   1：外部',
  `creator` varchar(64) CHARACTER SET utf8mb4 COLLATE utf8mb4_general_ci NULL DEFAULT NULL COMMENT '创建者',
  `create_time` datetime NOT NULL DEFAULT CURRENT_TIMESTAMP COMMENT '创建时间',
  `updater` varchar(64) CHARACTER SET utf8mb4 COLLATE utf8mb4_general_ci NULL DEFAULT NULL COMMENT '更新者',
  `update_time` datetime NOT NULL DEFAULT CURRENT_TIMESTAMP ON UPDATE CURRENT_TIMESTAMP COMMENT '更新时间',
  `deleted` bit(1) NOT NULL DEFAULT b'0' COMMENT '是否删除（0正常，1删除）',
  `tenant_id` bigint(20) NOT NULL DEFAULT 0 COMMENT '租户ID',
  PRIMARY KEY (`id`) USING BTREE
) ENGINE = InnoDB AUTO_INCREMENT = 2181 CHARACTER SET = utf8mb4 COLLATE = utf8mb4_general_ci COMMENT = '菜单表' ROW_FORMAT = Dynamic;

-- ----------------------------
-- Records of sys_menu
-- ----------------------------
INSERT INTO `sys_menu` VALUES (2162, '产品', '', 1, 0, 0, NULL, '', 'product', NULL, 0, b'1', b'1', b'1', 0, NULL, '2023-06-26 16:29:01', NULL, '2023-06-27 14:06:53', b'0', 1);
INSERT INTO `sys_menu` VALUES (2163, '品牌', '', 1, 1, 0, NULL, NULL, 'brand', NULL, 0, b'1', b'1', b'1', 0, NULL, '2023-06-26 16:36:38', NULL, '2023-06-27 14:06:54', b'0', 1);
INSERT INTO `sys_menu` VALUES (2164, '经销商', '', 1, 2, 0, NULL, NULL, 'dealer', NULL, 0, b'1', b'1', b'1', 0, NULL, '2023-06-26 16:37:26', NULL, '2023-06-27 14:06:55', b'0', 1);
INSERT INTO `sys_menu` VALUES (2165, '经营', '', 1, 3, 0, NULL, NULL, 'operate', NULL, 0, b'1', b'1', b'1', 0, NULL, '2023-06-26 16:38:05', NULL, '2023-06-27 14:06:55', b'0', 1);
INSERT INTO `sys_menu` VALUES (2166, '数据', '', 1, 4, 0, NULL, NULL, 'data', NULL, 0, b'1', b'1', b'1', 0, NULL, '2023-06-26 16:38:32', NULL, '2023-06-27 14:06:56', b'0', 1);
INSERT INTO `sys_menu` VALUES (2167, '内容', '', 1, 5, 0, NULL, NULL, 'content', NULL, 0, b'1', b'1', b'1', 0, NULL, '2023-06-26 16:38:57', NULL, '2023-06-27 14:06:56', b'0', 1);
INSERT INTO `sys_menu` VALUES (2168, '系统', '', 1, 6, 0, NULL, NULL, NULL, NULL, 0, b'1', b'1', b'1', 0, NULL, '2023-06-26 16:39:12', NULL, '2023-06-27 14:06:57', b'0', 1);
INSERT INTO `sys_menu` VALUES (2169, '权限管理', '', 2, 0, 2168, NULL, 'icon-safetycertificate', '', NULL, 0, b'1', b'1', b'1', 0, NULL, '2023-06-26 16:42:10', NULL, '2023-06-27 14:06:58', b'0', 1);
INSERT INTO `sys_menu` VALUES (2170, '系统设置', '', 2, 1, 2168, NULL, 'icon-setting', NULL, NULL, 0, b'1', b'1', b'1', 0, NULL, '2023-06-26 16:43:22', NULL, '2023-06-27 14:06:59', b'0', 1);
INSERT INTO `sys_menu` VALUES (2171, '日志管理', '', 2, 2, 2168, NULL, 'icon-filedone', NULL, NULL, 0, b'1', b'1', b'1', 0, NULL, '2023-06-26 16:44:25', NULL, '2023-06-27 14:48:42', b'0', 1);
INSERT INTO `sys_menu` VALUES (2172, '在线开发', '', 2, 3, 2168, NULL, 'icon-cloud', NULL, NULL, 0, b'1', b'1', b'1', 0, NULL, '2023-06-26 16:45:17', NULL, '2023-06-27 14:07:00', b'0', 1);
INSERT INTO `sys_menu` VALUES (2173, '用户管理', '', 2, 0, 2169, NULL, 'icon-user', 'sys/user/index', NULL, 0, b'1', b'1', b'1', 0, NULL, '2023-06-26 16:58:30', NULL, '2023-06-27 14:07:00', b'0', 1);
INSERT INTO `sys_menu` VALUES (2174, '部门管理', '', 2, 1, 2169, NULL, 'icon-cluster', 'sys/org/index', NULL, 0, b'1', b'1', b'1', 0, NULL, '2023-06-26 17:07:26', NULL, '2023-06-27 14:07:01', b'0', 1);
INSERT INTO `sys_menu` VALUES (2175, '岗位管理', '', 2, 2, 2169, NULL, 'icon-solution', 'sys/post/index', NULL, 0, b'1', b'1', b'1', 0, NULL, '2023-06-26 17:08:11', NULL, '2023-06-27 14:07:02', b'0', 1);
INSERT INTO `sys_menu` VALUES (2176, '角色管理', '', 2, 3, 2169, NULL, 'icon-team', 'sys/role/index', NULL, 0, b'1', b'1', b'1', 0, NULL, '2023-06-26 17:09:04', NULL, '2023-06-27 14:07:03', b'0', 1);
INSERT INTO `sys_menu` VALUES (2177, '查询', 'sys:user:query', 3, 0, 2173, '', '', '', '', 0, b'1', b'1', b'1', 0, NULL, '2023-06-26 17:13:58', NULL, '2023-06-27 16:58:37', b'0', 1);
INSERT INTO `sys_menu` VALUES (2178, '新增', 'sys:user:create', 3, 1, 2173, '', '', '', '', 0, b'1', b'1', b'1', 0, NULL, '2023-06-26 17:15:34', NULL, '2023-06-27 17:06:28', b'0', 1);
INSERT INTO `sys_menu` VALUES (2179, '修改', 'sys:user:update', 3, 2, 2173, '', '', '', '', 0, b'1', b'1', b'1', 0, NULL, '2023-06-26 17:16:07', NULL, '2023-06-27 17:06:53', b'0', 1);
INSERT INTO `sys_menu` VALUES (2180, '删除', 'sys:user:delete', 3, 3, 2173, '', '', '', '', 0, b'1', b'1', b'1', 0, NULL, '2023-06-26 17:16:23', NULL, '2023-06-27 16:52:14', b'0', 1);
INSERT INTO `sys_menu` VALUES (2181, '菜单管理', '', 2, 0, 2170, NULL, 'icon-menu', 'sys/menu/index', NULL, 0, b'1', b'1', b'1', 0, NULL, '2023-06-27 13:49:20', NULL, '2023-06-27 14:07:06', b'0', 1);
INSERT INTO `sys_menu` VALUES (2182, '数据字典', '', 2, 1, 2170, NULL, 'icon-insertrowabove', 'sys/dict/type', NULL, 0, b'1', b'1', b'1', 0, NULL, '2023-06-27 13:50:05', NULL, '2023-06-27 14:07:07', b'0', 1);
INSERT INTO `sys_menu` VALUES (2183, '附件管理', '', 2, 3, 2170, NULL, 'icon-folder-fill', 'sys/attachment/index', NULL, 0, b'1', b'1', b'1', 0, NULL, '2023-06-27 13:50:43', NULL, '2023-06-27 14:07:07', b'0', 1);
INSERT INTO `sys_menu` VALUES (2184, '参数管理', '', 2, 2, 2170, NULL, 'icon-filedone', 'sys/params/index', NULL, 0, b'1', b'1', b'1', 0, NULL, '2023-06-27 13:51:41', NULL, '2023-06-27 14:07:08', b'0', 1);
INSERT INTO `sys_menu` VALUES (2185, '接口文档', '', 2, 10, 2170, NULL, 'icon-file-text-fill', '{{apiUrl}}/doc.html', NULL, 0, b'1', b'1', b'1', 1, NULL, '2023-06-27 13:52:12', NULL, '2023-06-27 14:07:11', b'0', 1);
INSERT INTO `sys_menu` VALUES (2186, '日志列表', '', 2, 1, 2171, NULL, '', '', NULL, 0, b'1', b'1', b'1', 0, NULL, '2023-06-27 14:48:00', NULL, '2023-06-27 14:50:35', b'1', 1);
INSERT INTO `sys_menu` VALUES (2187, '日志列表', '', 0, 1, 2171, NULL, 'icon-rotate-left', 'product', NULL, 0, b'1', b'1', b'1', 0, NULL, '2023-06-27 16:15:41', NULL, '2023-06-27 16:15:52', b'1', 1);
INSERT INTO `sys_menu` VALUES (2188, '重置密码', 'sys:user:update-password', 3, 4, 2173, '', '', '', '', 0, b'1', b'1', b'1', 0, NULL, '2023-06-27 16:51:37', NULL, '2023-06-27 16:51:37', b'0', 1);
INSERT INTO `sys_menu` VALUES (2189, '查询', 'sys:dept:query', 3, 0, 2174, '', '', '', '', 0, b'1', b'1', b'1', 0, NULL, '2023-06-27 17:07:48', NULL, '2023-06-27 17:07:48', b'0', 1);
INSERT INTO `sys_menu` VALUES (2190, '新增', 'sys:dept:create', 3, 1, 2174, '', '', '', '', 0, b'1', b'1', b'1', 0, NULL, '2023-06-27 17:08:49', NULL, '2023-06-27 17:08:49', b'0', 1);
INSERT INTO `sys_menu` VALUES (2191, '修改', 'sys:dept:update', 3, 2, 2174, '', '', '', '', 0, b'1', b'1', b'1', 0, NULL, '2023-06-27 17:09:44', NULL, '2023-06-27 17:09:44', b'0', 1);
INSERT INTO `sys_menu` VALUES (2192, '删除', 'sys:dept:delete', 3, 3, 2174, '', '', '', '', 0, b'1', b'1', b'1', 0, NULL, '2023-06-27 17:14:50', NULL, '2023-06-27 17:14:50', b'0', 1);

-- ----------------------------
-- Table structure for sys_oauth_client_details
-- ----------------------------
DROP TABLE IF EXISTS `sys_oauth_client_details`;
CREATE TABLE `sys_oauth_client_details`  (
  `client_id` varchar(32) CHARACTER SET utf8mb4 COLLATE utf8mb4_bin NOT NULL COMMENT '客户端ID',
  `resource_ids` varchar(256) CHARACTER SET utf8mb4 COLLATE utf8mb4_bin NULL DEFAULT NULL COMMENT '资源列表',
  `client_secret` varchar(256) CHARACTER SET utf8mb4 COLLATE utf8mb4_bin NULL DEFAULT NULL COMMENT '客户端密钥',
  `scope` varchar(256) CHARACTER SET utf8mb4 COLLATE utf8mb4_bin NULL DEFAULT NULL COMMENT '域',
  `authorized_grant_types` varchar(256) CHARACTER SET utf8mb4 COLLATE utf8mb4_bin NULL DEFAULT NULL COMMENT '认证类型',
  `web_server_redirect_uri` varchar(256) CHARACTER SET utf8mb4 COLLATE utf8mb4_bin NULL DEFAULT NULL COMMENT '重定向地址',
  `authorities` varchar(256) CHARACTER SET utf8mb4 COLLATE utf8mb4_bin NULL DEFAULT NULL COMMENT '角色列表',
  `access_token_validity` int(11) NULL DEFAULT NULL COMMENT 'token 有效期',
  `refresh_token_validity` int(11) NULL DEFAULT NULL COMMENT '刷新令牌有效期',
  `additional_information` varchar(4096) CHARACTER SET utf8mb4 COLLATE utf8mb4_bin NULL DEFAULT NULL COMMENT '令牌扩展字段JSON',
  `autoapprove` varchar(256) CHARACTER SET utf8mb4 COLLATE utf8mb4_bin NULL DEFAULT NULL COMMENT '是否自动放行',
  `create_time` datetime NULL DEFAULT CURRENT_TIMESTAMP COMMENT '创建时间',
  `update_time` datetime NULL DEFAULT CURRENT_TIMESTAMP ON UPDATE CURRENT_TIMESTAMP COMMENT '更新时间',
  `creator` varchar(64) CHARACTER SET utf8mb4 COLLATE utf8mb4_bin NULL DEFAULT NULL COMMENT '创建人',
  `updater` varchar(64) CHARACTER SET utf8mb4 COLLATE utf8mb4_bin NULL DEFAULT NULL COMMENT '更新人',
  `deleted` bit(1) NULL DEFAULT b'0' COMMENT '是否删除（0正常，1删除）',
  PRIMARY KEY (`client_id`) USING BTREE
) ENGINE = InnoDB CHARACTER SET = utf8mb4 COLLATE = utf8mb4_bin COMMENT = '终端信息表' ROW_FORMAT = DYNAMIC;

-- ----------------------------
-- Records of sys_oauth_client_details
-- ----------------------------
INSERT INTO `sys_oauth_client_details` VALUES ('app', NULL, 'app', 'server', 'app,refresh_token', NULL, NULL, NULL, NULL, NULL, 'true', NULL, NULL, NULL, NULL, b'0');
INSERT INTO `sys_oauth_client_details` VALUES ('client', NULL, 'client', 'server', 'client_credentials', NULL, NULL, NULL, NULL, NULL, 'true', NULL, NULL, NULL, NULL, b'0');
INSERT INTO `sys_oauth_client_details` VALUES ('daemon', NULL, 'daemon', 'server', 'password,refresh_token', NULL, NULL, NULL, NULL, NULL, 'true', NULL, NULL, NULL, NULL, b'0');
INSERT INTO `sys_oauth_client_details` VALUES ('gen', NULL, 'gen', 'server', 'password,refresh_token', NULL, NULL, NULL, NULL, NULL, 'true', NULL, NULL, NULL, NULL, b'0');
INSERT INTO `sys_oauth_client_details` VALUES ('rc', NULL, 'rc', 'server', 'password,app,refresh_token,authorization_code,client_credentials', 'https://rc.com', NULL, NULL, NULL, NULL, 'true', NULL, '2023-06-24 16:32:05', NULL, NULL, b'0');
INSERT INTO `sys_oauth_client_details` VALUES ('test', NULL, 'test', 'server', 'password,app,refresh_token', NULL, NULL, NULL, NULL, NULL, 'true', NULL, NULL, NULL, NULL, b'0');

-- ----------------------------
-- Table structure for sys_post
-- ----------------------------
DROP TABLE IF EXISTS `sys_post`;
CREATE TABLE `sys_post`  (
  `id` bigint(20) NOT NULL AUTO_INCREMENT COMMENT 'ID',
  `code` varchar(64) CHARACTER SET utf8mb4 COLLATE utf8mb4_general_ci NOT NULL COMMENT '岗位编码',
  `name` varchar(50) CHARACTER SET utf8mb4 COLLATE utf8mb4_general_ci NOT NULL COMMENT '岗位名称',
  `sort` int(11) NOT NULL DEFAULT 0 COMMENT '显示顺序',
  `status` tinyint(4) NOT NULL DEFAULT 0 COMMENT '状态（0正常 1停用）',
  `remark` varchar(500) CHARACTER SET utf8mb4 COLLATE utf8mb4_general_ci NULL DEFAULT NULL COMMENT '备注',
  `creator` varchar(64) CHARACTER SET utf8mb4 COLLATE utf8mb4_general_ci NULL DEFAULT NULL COMMENT '创建者',
  `create_time` datetime NOT NULL DEFAULT CURRENT_TIMESTAMP COMMENT '创建时间',
  `updater` varchar(64) CHARACTER SET utf8mb4 COLLATE utf8mb4_general_ci NULL DEFAULT NULL COMMENT '更新者',
  `update_time` datetime NOT NULL DEFAULT CURRENT_TIMESTAMP ON UPDATE CURRENT_TIMESTAMP COMMENT '更新时间',
  `deleted` bit(1) NOT NULL DEFAULT b'0' COMMENT '是否删除（0正常，1删除）',
  `tenant_id` bigint(20) NOT NULL DEFAULT 0 COMMENT '租户ID',
  PRIMARY KEY (`id`) USING BTREE
) ENGINE = InnoDB AUTO_INCREMENT = 5 CHARACTER SET = utf8mb4 COLLATE = utf8mb4_general_ci COMMENT = '岗位表' ROW_FORMAT = Dynamic;

-- ----------------------------
-- Records of sys_post
-- ----------------------------
INSERT INTO `sys_post` VALUES (1, 'ceo', '董事长', 1, 0, '', 'admin', '2021-01-06 17:03:48', '1', '2023-02-11 15:19:04', b'0', 1);
INSERT INTO `sys_post` VALUES (2, 'se', '项目经理', 2, 0, '', 'admin', '2021-01-05 17:03:48', '1', '2021-12-12 10:47:47', b'0', 1);
INSERT INTO `sys_post` VALUES (4, 'user', '普通员工', 4, 0, '111', 'admin', '2021-01-05 17:03:48', NULL, '2023-06-27 13:39:05', b'0', 1);

-- ----------------------------
-- Table structure for sys_role
-- ----------------------------
DROP TABLE IF EXISTS `sys_role`;
CREATE TABLE `sys_role`  (
  `id` bigint(20) NOT NULL AUTO_INCREMENT COMMENT 'ID',
  `name` varchar(30) CHARACTER SET utf8mb4 COLLATE utf8mb4_general_ci NOT NULL COMMENT '角色名称',
  `code` varchar(100) CHARACTER SET utf8mb4 COLLATE utf8mb4_general_ci NOT NULL COMMENT '角色权限字符串',
  `sort` int(11) NOT NULL DEFAULT 0 COMMENT '显示顺序',
  `data_scope` tinyint(4) NOT NULL COMMENT '数据范围（1：全部数据权限 2：自定数据权限 3：本部门数据权限 4：本部门及以下数据权限）',
  `data_scope_dept_ids` varchar(500) CHARACTER SET utf8mb4 COLLATE utf8mb4_general_ci NOT NULL COMMENT '数据范围(指定部门数组)',
  `status` tinyint(4) NOT NULL DEFAULT 0 COMMENT '状态（0正常 1停用）',
  `type` tinyint(4) NOT NULL COMMENT '角色类型',
  `remark` varchar(500) CHARACTER SET utf8mb4 COLLATE utf8mb4_general_ci NULL DEFAULT NULL COMMENT '备注',
  `creator` varchar(64) CHARACTER SET utf8mb4 COLLATE utf8mb4_general_ci NULL DEFAULT NULL COMMENT '创建者',
  `create_time` datetime NOT NULL DEFAULT CURRENT_TIMESTAMP COMMENT '创建时间',
  `updater` varchar(64) CHARACTER SET utf8mb4 COLLATE utf8mb4_general_ci NULL DEFAULT NULL COMMENT '更新者',
  `update_time` datetime NOT NULL DEFAULT CURRENT_TIMESTAMP ON UPDATE CURRENT_TIMESTAMP COMMENT '更新时间',
  `deleted` bit(1) NOT NULL DEFAULT b'0' COMMENT '是否删除（0正常，1删除）',
  `tenant_id` bigint(20) NOT NULL DEFAULT 0 COMMENT '租户ID',
  PRIMARY KEY (`id`) USING BTREE
) ENGINE = InnoDB AUTO_INCREMENT = 140 CHARACTER SET = utf8mb4 COLLATE = utf8mb4_general_ci COMMENT = '角色表' ROW_FORMAT = Dynamic;

-- ----------------------------
-- Records of sys_role
-- ----------------------------
INSERT INTO `sys_role` VALUES (1, '超级管理员', 'super_admin', 1, 1, '', 0, 1, '超级管理员', 'admin', '2021-01-05 17:03:48', '', '2022-02-22 05:08:21', b'0', 1);
INSERT INTO `sys_role` VALUES (2, '普通角色', 'common', 2, 2, '', 0, 1, '普通角色', 'admin', '2021-01-05 17:03:48', '', '2022-02-22 05:08:20', b'0', 1);
INSERT INTO `sys_role` VALUES (101, '测试账号', 'test', 0, 1, '[]', 0, 2, '132', '', '2021-01-06 13:49:35', '1', '2022-09-25 12:09:38', b'0', 1);
INSERT INTO `sys_role` VALUES (109, '租户管理员', 'tenant_admin', 0, 1, '', 0, 1, '系统自动生成', '1', '2022-02-22 00:56:14', '1', '2022-02-22 00:56:14', b'0', 121);
INSERT INTO `sys_role` VALUES (110, '测试角色', 'test', 0, 1, '[]', 0, 2, '嘿嘿', '110', '2022-02-23 00:14:34', '110', '2022-02-23 13:14:58', b'0', 121);
INSERT INTO `sys_role` VALUES (111, '租户管理员', 'tenant_admin', 0, 1, '', 0, 1, '系统自动生成', '1', '2022-03-07 21:37:58', '1', '2022-03-07 21:37:58', b'0', 122);
INSERT INTO `sys_role` VALUES (113, '租户管理员', 'tenant_admin', 0, 1, '', 0, 1, '系统自动生成', '1', '2022-05-17 10:07:10', '1', '2022-05-17 10:07:10', b'0', 124);
INSERT INTO `sys_role` VALUES (114, '租户管理员', 'tenant_admin', 0, 1, '', 0, 1, '系统自动生成', '1', '2022-12-30 11:32:03', '1', '2022-12-30 11:32:03', b'0', 125);
INSERT INTO `sys_role` VALUES (115, '租户管理员', 'tenant_admin', 0, 1, '', 0, 1, '系统自动生成', '1', '2022-12-30 11:33:42', '1', '2022-12-30 11:33:42', b'0', 126);
INSERT INTO `sys_role` VALUES (116, '租户管理员', 'tenant_admin', 0, 1, '', 0, 1, '系统自动生成', '1', '2022-12-30 11:33:48', '1', '2022-12-30 11:33:48', b'0', 127);
INSERT INTO `sys_role` VALUES (118, '租户管理员', 'tenant_admin', 0, 1, '', 0, 1, '系统自动生成', '1', '2022-12-30 11:47:52', '1', '2022-12-30 11:47:52', b'0', 129);
INSERT INTO `sys_role` VALUES (136, '租户管理员', 'tenant_admin', 0, 1, '', 0, 1, '系统自动生成', '1', '2023-03-05 21:23:32', '1', '2023-03-05 21:23:32', b'0', 147);
INSERT INTO `sys_role` VALUES (137, '租户管理员', 'tenant_admin', 0, 1, '', 0, 1, '系统自动生成', '1', '2023-03-05 21:42:27', '1', '2023-03-05 21:42:27', b'0', 148);
INSERT INTO `sys_role` VALUES (138, '租户管理员', 'tenant_admin', 0, 1, '', 0, 1, '系统自动生成', '1', '2023-03-05 21:59:02', '1', '2023-03-05 21:59:02', b'0', 149);
INSERT INTO `sys_role` VALUES (139, '租户管理员', 'tenant_admin', 0, 1, '', 0, 1, '系统自动生成', '1', '2023-05-31 13:52:15', '1', '2023-05-31 13:52:15', b'0', 150);

-- ----------------------------
-- Table structure for sys_role_menu
-- ----------------------------
DROP TABLE IF EXISTS `sys_role_menu`;
CREATE TABLE `sys_role_menu`  (
  `id` bigint(20) NOT NULL AUTO_INCREMENT COMMENT 'ID',
  `role_id` bigint(20) NOT NULL COMMENT '角色ID',
  `menu_id` bigint(20) NOT NULL COMMENT '菜单ID',
  `creator` varchar(64) CHARACTER SET utf8mb4 COLLATE utf8mb4_unicode_ci NULL DEFAULT '' COMMENT '创建者',
  `create_time` datetime NOT NULL DEFAULT CURRENT_TIMESTAMP COMMENT '创建时间',
  `updater` varchar(64) CHARACTER SET utf8mb4 COLLATE utf8mb4_unicode_ci NULL DEFAULT '' COMMENT '更新者',
  `update_time` datetime NOT NULL DEFAULT CURRENT_TIMESTAMP ON UPDATE CURRENT_TIMESTAMP COMMENT '更新时间',
  `deleted` bit(1) NOT NULL DEFAULT b'0' COMMENT '是否删除（0正常，1删除）',
  `tenant_id` bigint(20) NOT NULL DEFAULT 0 COMMENT '租户ID',
  PRIMARY KEY (`id`) USING BTREE
) ENGINE = InnoDB AUTO_INCREMENT = 2920 CHARACTER SET = utf8mb4 COLLATE = utf8mb4_unicode_ci COMMENT = '角色和菜单关联表' ROW_FORMAT = Dynamic;

-- ----------------------------
-- Records of sys_role_menu
-- ----------------------------
INSERT INTO `sys_role_menu` VALUES (2901, 1, 2162, '', '2023-06-26 16:51:04', '', '2023-06-26 16:51:24', b'0', 1);
INSERT INTO `sys_role_menu` VALUES (2902, 1, 2163, '', '2023-06-26 16:51:41', '', '2023-06-26 16:51:45', b'0', 1);
INSERT INTO `sys_role_menu` VALUES (2903, 1, 2164, '', '2023-06-26 16:51:54', '', '2023-06-26 16:52:14', b'0', 1);
INSERT INTO `sys_role_menu` VALUES (2904, 1, 2165, '', '2023-06-26 16:52:13', '', '2023-06-26 16:52:13', b'0', 1);
INSERT INTO `sys_role_menu` VALUES (2905, 1, 2166, '', '2023-06-26 16:52:25', '', '2023-06-26 16:52:25', b'0', 1);
INSERT INTO `sys_role_menu` VALUES (2906, 1, 2167, '', '2023-06-26 16:52:43', '', '2023-06-26 16:52:43', b'0', 1);
INSERT INTO `sys_role_menu` VALUES (2907, 1, 2168, '', '2023-06-26 16:52:51', '', '2023-06-26 16:52:51', b'0', 1);
INSERT INTO `sys_role_menu` VALUES (2908, 1, 2169, '', '2023-06-26 16:52:59', '', '2023-06-26 16:52:59', b'0', 1);
INSERT INTO `sys_role_menu` VALUES (2909, 1, 2170, '', '2023-06-26 16:53:07', '', '2023-06-26 16:53:07', b'0', 1);
INSERT INTO `sys_role_menu` VALUES (2910, 1, 2171, '', '2023-06-26 16:53:14', '', '2023-06-26 16:53:14', b'0', 1);
INSERT INTO `sys_role_menu` VALUES (2911, 1, 2172, '', '2023-06-26 16:53:23', '', '2023-06-26 16:53:23', b'0', 1);
INSERT INTO `sys_role_menu` VALUES (2912, 1, 2173, '', '2023-06-26 16:58:50', '', '2023-06-26 16:58:50', b'0', 1);
INSERT INTO `sys_role_menu` VALUES (2913, 1, 2174, '', '2023-06-26 17:09:23', '', '2023-06-26 17:09:23', b'0', 1);
INSERT INTO `sys_role_menu` VALUES (2914, 1, 2175, '', '2023-06-26 17:09:33', '', '2023-06-26 17:09:33', b'0', 1);
INSERT INTO `sys_role_menu` VALUES (2915, 1, 2176, '', '2023-06-26 17:09:43', '', '2023-06-26 17:09:43', b'0', 1);
INSERT INTO `sys_role_menu` VALUES (2916, 1, 2177, '', '2023-06-26 17:14:24', '', '2023-06-26 17:14:24', b'0', 1);
INSERT INTO `sys_role_menu` VALUES (2917, 1, 2178, '', '2023-06-26 17:16:51', '', '2023-06-26 17:16:51', b'0', 1);
INSERT INTO `sys_role_menu` VALUES (2918, 1, 2179, '', '2023-06-26 17:16:58', '', '2023-06-26 17:16:58', b'0', 1);
INSERT INTO `sys_role_menu` VALUES (2919, 1, 2180, '', '2023-06-26 17:17:06', '', '2023-06-26 17:17:06', b'0', 1);
INSERT INTO `sys_role_menu` VALUES (2920, 1, 2181, '', '2023-06-27 13:57:46', '', '2023-06-27 13:57:46', b'0', 1);
INSERT INTO `sys_role_menu` VALUES (2921, 1, 2182, '', '2023-06-27 13:57:54', '', '2023-06-27 13:57:54', b'0', 1);
INSERT INTO `sys_role_menu` VALUES (2922, 1, 2183, '', '2023-06-27 13:58:02', '', '2023-06-27 13:58:02', b'0', 1);
INSERT INTO `sys_role_menu` VALUES (2923, 1, 2184, '', '2023-06-27 13:58:09', '', '2023-06-27 13:58:09', b'0', 1);
INSERT INTO `sys_role_menu` VALUES (2924, 1, 2185, '', '2023-06-27 13:58:16', '', '2023-06-27 13:58:16', b'0', 1);
INSERT INTO `sys_role_menu` VALUES (2925, 1, 2186, '', '2023-06-27 14:49:17', '', '2023-06-27 14:50:35', b'1', 1);

-- ----------------------------
-- Table structure for sys_tenant
-- ----------------------------
DROP TABLE IF EXISTS `sys_tenant`;
CREATE TABLE `sys_tenant`  (
  `id` bigint(20) NOT NULL AUTO_INCREMENT COMMENT '租户编号',
  `name` varchar(30) CHARACTER SET utf8mb4 COLLATE utf8mb4_unicode_ci NOT NULL COMMENT '租户名',
  `contact_user_id` bigint(20) NULL DEFAULT NULL COMMENT '联系人的用户编号',
  `contact_name` varchar(30) CHARACTER SET utf8mb4 COLLATE utf8mb4_unicode_ci NOT NULL COMMENT '联系人',
  `contact_mobile` varchar(500) CHARACTER SET utf8mb4 COLLATE utf8mb4_unicode_ci NULL DEFAULT NULL COMMENT '联系手机',
  `status` tinyint(4) NOT NULL DEFAULT 0 COMMENT '租户状态（0正常 1停用）',
  `domain` varchar(256) CHARACTER SET utf8mb4 COLLATE utf8mb4_unicode_ci NULL DEFAULT '' COMMENT '绑定域名',
  `package_id` bigint(20) NOT NULL COMMENT '租户套餐编号',
  `expire_time` datetime NOT NULL COMMENT '过期时间',
  `account_count` int(11) NOT NULL COMMENT '账号数量',
  `creator` varchar(64) CHARACTER SET utf8mb4 COLLATE utf8mb4_unicode_ci NOT NULL DEFAULT '' COMMENT '创建者',
  `create_time` datetime NOT NULL DEFAULT CURRENT_TIMESTAMP COMMENT '创建时间',
  `updater` varchar(64) CHARACTER SET utf8mb4 COLLATE utf8mb4_unicode_ci NULL DEFAULT '' COMMENT '更新者',
  `update_time` datetime NOT NULL DEFAULT CURRENT_TIMESTAMP ON UPDATE CURRENT_TIMESTAMP COMMENT '更新时间',
  `deleted` bit(1) NOT NULL DEFAULT b'0' COMMENT '是否删除',
  PRIMARY KEY (`id`) USING BTREE
) ENGINE = InnoDB AUTO_INCREMENT = 151 CHARACTER SET = utf8mb4 COLLATE = utf8mb4_unicode_ci COMMENT = '租户表' ROW_FORMAT = Dynamic;

-- ----------------------------
-- Records of sys_tenant
-- ----------------------------
INSERT INTO `sys_tenant` VALUES (1, '柔川信息', 1, '张三', '13777777777', 0, 'https://www.iocoder.cn', 0, '2099-02-19 17:14:16', 9999, '1', '2021-01-05 17:03:47', '1', '2023-06-13 14:23:35', b'0');
INSERT INTO `sys_tenant` VALUES (121, '小租户', 110, '小王2', '15601691300', 0, 'http://www.iocoder.cn', 111, '2024-03-11 00:00:00', 20, '1', '2022-02-22 00:56:14', '1', '2022-05-17 10:03:59', b'0');
INSERT INTO `sys_tenant` VALUES (122, '测试租户', 113, '李四', '15601691300', 0, 'https://www.iocoder.cn', 111, '2022-04-30 00:00:00', 50, '1', '2022-03-07 21:37:58', '1', '2023-06-12 17:05:10', b'0');
INSERT INTO `sys_tenant` VALUES (150, 'zuhu1', 126, 'huang', NULL, 0, 'www.baidu.com', 111, '2024-05-31 00:00:00', 1000, '1', '2023-05-31 13:52:15', '1', '2023-05-31 13:52:15', b'0');

-- ----------------------------
-- Table structure for sys_tenant_package
-- ----------------------------
DROP TABLE IF EXISTS `sys_tenant_package`;
CREATE TABLE `sys_tenant_package`  (
  `id` bigint(20) NOT NULL AUTO_INCREMENT COMMENT '套餐编号',
  `name` varchar(30) CHARACTER SET utf8mb4 COLLATE utf8mb4_unicode_ci NOT NULL COMMENT '套餐名',
  `status` tinyint(4) NOT NULL DEFAULT 0 COMMENT '租户状态（0正常 1停用）',
  `remark` varchar(256) CHARACTER SET utf8mb4 COLLATE utf8mb4_unicode_ci NULL DEFAULT '' COMMENT '备注',
  `menu_ids` varchar(2048) CHARACTER SET utf8mb4 COLLATE utf8mb4_unicode_ci NOT NULL COMMENT '关联的菜单编号',
  `creator` varchar(64) CHARACTER SET utf8mb4 COLLATE utf8mb4_unicode_ci NOT NULL DEFAULT '' COMMENT '创建者',
  `create_time` datetime NOT NULL DEFAULT CURRENT_TIMESTAMP COMMENT '创建时间',
  `updater` varchar(64) CHARACTER SET utf8mb4 COLLATE utf8mb4_unicode_ci NULL DEFAULT '' COMMENT '更新者',
  `update_time` datetime NOT NULL DEFAULT CURRENT_TIMESTAMP ON UPDATE CURRENT_TIMESTAMP COMMENT '更新时间',
  `deleted` bit(1) NOT NULL DEFAULT b'0' COMMENT '是否删除',
  PRIMARY KEY (`id`) USING BTREE
) ENGINE = InnoDB AUTO_INCREMENT = 112 CHARACTER SET = utf8mb4 COLLATE = utf8mb4_unicode_ci COMMENT = '租户套餐表' ROW_FORMAT = Dynamic;

-- ----------------------------
-- Records of sys_tenant_package
-- ----------------------------
INSERT INTO `sys_tenant_package` VALUES (111, '普通套餐', 0, '小功能', '[1,1036,1037,1038,1039,100,101,1063,103,1064,1001,1065,1002,1003,107,1004,1005,1006,1007,1008,1009,1010,1011,1012,1017,1018,1019,1020]', '1', '2022-02-22 00:54:00', '1', '2022-09-21 22:48:12', b'0');

-- ----------------------------
-- Table structure for sys_user
-- ----------------------------
DROP TABLE IF EXISTS `sys_user`;
CREATE TABLE `sys_user`  (
  `id` bigint(20) NOT NULL AUTO_INCREMENT COMMENT 'ID',
  `username` varchar(30) CHARACTER SET utf8mb4 COLLATE utf8mb4_unicode_ci NOT NULL COMMENT '账号',
  `password` varchar(100) CHARACTER SET utf8mb4 COLLATE utf8mb4_unicode_ci NOT NULL DEFAULT '' COMMENT '密码',
  `nickname` varchar(30) CHARACTER SET utf8mb4 COLLATE utf8mb4_unicode_ci NOT NULL COMMENT '昵称',
  `remark` varchar(500) CHARACTER SET utf8mb4 COLLATE utf8mb4_unicode_ci NULL DEFAULT NULL COMMENT '备注',
  `dept_id` bigint(20) NULL DEFAULT NULL COMMENT '部门ID',
  `post_ids` varchar(255) CHARACTER SET utf8mb4 COLLATE utf8mb4_unicode_ci NULL DEFAULT NULL COMMENT '岗位ID数组',
  `email` varchar(50) CHARACTER SET utf8mb4 COLLATE utf8mb4_unicode_ci NULL DEFAULT '' COMMENT '邮箱',
  `mobile` varchar(11) CHARACTER SET utf8mb4 COLLATE utf8mb4_unicode_ci NULL DEFAULT '' COMMENT '手机号',
  `sex` tinyint(4) NULL DEFAULT 0 COMMENT '用户性别（0未知，1男，2女）',
  `avatar` varchar(512) CHARACTER SET utf8mb4 COLLATE utf8mb4_unicode_ci NULL DEFAULT '' COMMENT '头像地址',
  `status` tinyint(4) NOT NULL DEFAULT 0 COMMENT '状态（0正常 1停用）',
  `login_ip` varchar(50) CHARACTER SET utf8mb4 COLLATE utf8mb4_unicode_ci NULL DEFAULT '' COMMENT '最后登录IP',
  `login_date` datetime NULL DEFAULT NULL COMMENT '最后登录时间',
  `creator` varchar(64) CHARACTER SET utf8mb4 COLLATE utf8mb4_unicode_ci NULL DEFAULT '' COMMENT '创建者',
  `create_time` datetime NOT NULL DEFAULT CURRENT_TIMESTAMP COMMENT '创建时间',
  `updater` varchar(64) CHARACTER SET utf8mb4 COLLATE utf8mb4_unicode_ci NULL DEFAULT '' COMMENT '更新者',
  `update_time` datetime NOT NULL DEFAULT CURRENT_TIMESTAMP ON UPDATE CURRENT_TIMESTAMP COMMENT '更新时间',
  `deleted` bit(1) NOT NULL DEFAULT b'0' COMMENT '是否删除（0正常，1删除）',
  `tenant_id` bigint(20) NOT NULL DEFAULT 0 COMMENT '租户ID',
  PRIMARY KEY (`id`) USING BTREE,
  UNIQUE INDEX `idx_username`(`username`, `update_time`, `tenant_id`) USING BTREE
) ENGINE = InnoDB AUTO_INCREMENT = 128 CHARACTER SET = utf8mb4 COLLATE = utf8mb4_unicode_ci COMMENT = '用户信息表' ROW_FORMAT = Dynamic;

-- ----------------------------
-- Records of sys_user
-- ----------------------------
INSERT INTO `sys_user` VALUES (1, 'admin', '{bcrypt}$2a$10$3EqFTg5lyyBkNTXqTpe5xeGwU6QSgBxzxSBc16fZARDZ.NYIk7w0W', 'rc', '管理员', 103, '[1]', 'aoteman@126.com', '15612345678', 1, 'https://cdn.maku.net/images/avatar.png', 0, '127.0.0.1', '2023-05-31 11:26:15', 'admin', '2021-01-05 17:03:47', NULL, '2023-06-27 08:11:29', b'0', 1);
INSERT INTO `sys_user` VALUES (100, 'yudao', '{bcrypt}$2a$10$YJbogpdxBMetfPmF.PE8.OuTpKPH8SvYAvs7vN.SmYVaViNazCQxO', 'rc', '不要吓我', 104, '[1]', 'yudao@iocoder.cn', '15601691300', 1, '', 1, '127.0.0.1', '2022-07-09 23:03:33', '', '2021-01-07 09:07:17', NULL, '2023-06-27 11:12:35', b'1', 1);
INSERT INTO `sys_user` VALUES (103, 'yuanma', '{bcrypt}$2a$10$YJbogpdxBMetfPmF.PE8.OuTpKPH8SvYAvs7vN.SmYVaViNazCQxO', '源码', NULL, 106, NULL, 'yuanma@iocoder.cn', '15601701300', 0, '', 0, '127.0.0.1', '2022-07-08 01:26:27', '', '2021-01-13 23:50:35', NULL, '2023-06-27 11:12:35', b'1', 1);
INSERT INTO `sys_user` VALUES (104, 'test', '{bcrypt}$2a$10$YJbogpdxBMetfPmF.PE8.OuTpKPH8SvYAvs7vN.SmYVaViNazCQxO', '测试号', NULL, 107, '[1,2]', '111@qq.com', '15601691200', 1, '', 0, '127.0.0.1', '2022-05-28 15:43:17', '', '2021-01-21 02:13:53', NULL, '2023-06-27 11:12:35', b'1', 1);
INSERT INTO `sys_user` VALUES (107, 'admin107', '{bcrypt}$2a$10$YJbogpdxBMetfPmF.PE8.OuTpKPH8SvYAvs7vN.SmYVaViNazCQxO', '芋艿', NULL, NULL, NULL, '', '15601691300', 0, '', 0, '', NULL, '1', '2022-02-20 22:59:33', '1', '2023-06-10 15:05:54', b'0', 118);
INSERT INTO `sys_user` VALUES (108, 'admin108', '{bcrypt}$2a$10$YJbogpdxBMetfPmF.PE8.OuTpKPH8SvYAvs7vN.SmYVaViNazCQxO', '芋艿', NULL, NULL, NULL, '', '15601691300', 0, '', 0, '', NULL, '1', '2022-02-20 23:00:50', '1', '2023-06-10 15:05:56', b'0', 119);
INSERT INTO `sys_user` VALUES (109, 'admin109', '{bcrypt}$2a$10$YJbogpdxBMetfPmF.PE8.OuTpKPH8SvYAvs7vN.SmYVaViNazCQxO', '芋艿', NULL, NULL, NULL, '', '15601691300', 0, '', 0, '', NULL, '1', '2022-02-20 23:11:50', '1', '2023-06-10 15:05:58', b'0', 120);
INSERT INTO `sys_user` VALUES (110, 'admin110', '{bcrypt}$2a$10$YJbogpdxBMetfPmF.PE8.OuTpKPH8SvYAvs7vN.SmYVaViNazCQxO', '小王', NULL, NULL, NULL, '', '15601691300', 0, '', 0, '127.0.0.1', '2022-09-25 22:47:33', '1', '2022-02-22 00:56:14', NULL, '2023-06-10 15:06:00', b'0', 121);
INSERT INTO `sys_user` VALUES (111, 'test', '{bcrypt}$2a$10$YJbogpdxBMetfPmF.PE8.OuTpKPH8SvYAvs7vN.SmYVaViNazCQxO', '测试用户', NULL, NULL, '[]', '', '', 0, '', 0, '', NULL, '110', '2022-02-23 13:14:33', '110', '2023-06-10 15:06:02', b'0', 121);
INSERT INTO `sys_user` VALUES (112, 'newobject', '{bcrypt}$2a$10$YJbogpdxBMetfPmF.PE8.OuTpKPH8SvYAvs7vN.SmYVaViNazCQxO', '新对象', NULL, 100, '[]', '', '', 1, '', 0, '0:0:0:0:0:0:0:1', '2023-02-10 13:48:13', '1', '2022-02-23 19:08:03', NULL, '2023-06-27 11:12:35', b'1', 1);
INSERT INTO `sys_user` VALUES (113, 'aoteman', '{bcrypt}$2a$10$YJbogpdxBMetfPmF.PE8.OuTpKPH8SvYAvs7vN.SmYVaViNazCQxO', '芋道', NULL, NULL, NULL, '', '15601691300', 0, '', 0, '127.0.0.1', '2022-03-19 18:38:51', '1', '2022-03-07 21:37:58', NULL, '2023-06-10 15:06:06', b'0', 122);
INSERT INTO `sys_user` VALUES (114, 'hrmgr', '{bcrypt}$2a$10$YJbogpdxBMetfPmF.PE8.OuTpKPH8SvYAvs7vN.SmYVaViNazCQxO', 'hr 小姐姐', NULL, NULL, '[3]', '', '', 0, '', 0, '127.0.0.1', '2022-03-19 22:15:43', '1', '2022-03-19 21:50:58', NULL, '2023-06-27 11:12:35', b'1', 1);
INSERT INTO `sys_user` VALUES (115, 'aotemane', '{bcrypt}$2a$10$YJbogpdxBMetfPmF.PE8.OuTpKPH8SvYAvs7vN.SmYVaViNazCQxO', '1', '11', 101, '[]', '', '', 1, '', 0, '', NULL, '1', '2022-04-30 02:55:43', '1', '2023-06-27 11:12:35', b'1', 1);
INSERT INTO `sys_user` VALUES (116, '15601691302', '{bcrypt}$2a$10$YJbogpdxBMetfPmF.PE8.OuTpKPH8SvYAvs7vN.SmYVaViNazCQxO', '小豆', NULL, NULL, NULL, '', '', 0, '', 0, '', NULL, '1', '2022-05-17 10:07:10', '1', '2023-06-10 15:06:13', b'0', 124);
INSERT INTO `sys_user` VALUES (117, 'admin123', '{bcrypt}$2a$10$YJbogpdxBMetfPmF.PE8.OuTpKPH8SvYAvs7vN.SmYVaViNazCQxO', '测试号', '1111', 100, '[2]', '', '15601691234', 1, '', 0, '', NULL, '1', '2022-07-09 17:40:26', '1', '2023-06-27 11:12:35', b'1', 1);
INSERT INTO `sys_user` VALUES (118, 'goudan', '{bcrypt}$2a$10$YJbogpdxBMetfPmF.PE8.OuTpKPH8SvYAvs7vN.SmYVaViNazCQxO', '狗蛋', NULL, 103, '[1]', '', '', 2, '', 0, '', NULL, '1', '2022-07-09 17:44:43', '1', '2023-06-27 11:11:13', b'1', 1);
INSERT INTO `sys_user` VALUES (119, 'admin', '{bcrypt}$2a$10$YJbogpdxBMetfPmF.PE8.OuTpKPH8SvYAvs7vN.SmYVaViNazCQxO', '12', NULL, NULL, NULL, '', '', 0, '', 0, '', NULL, '1', '2022-12-30 11:32:04', '1', '2023-06-10 15:06:19', b'0', 125);
INSERT INTO `sys_user` VALUES (120, 'admin', '{bcrypt}$2a$10$YJbogpdxBMetfPmF.PE8.OuTpKPH8SvYAvs7vN.SmYVaViNazCQxO', '12', NULL, NULL, NULL, '', '', 0, '', 0, '', NULL, '1', '2022-12-30 11:33:42', '1', '2023-06-10 15:06:21', b'0', 126);
INSERT INTO `sys_user` VALUES (121, 'admin', '{bcrypt}$2a$10$YJbogpdxBMetfPmF.PE8.OuTpKPH8SvYAvs7vN.SmYVaViNazCQxO', '12', NULL, NULL, NULL, '', '', 0, '', 0, '', NULL, '1', '2022-12-30 11:33:49', '1', '2023-06-10 15:06:22', b'0', 127);
INSERT INTO `sys_user` VALUES (122, 'admin', '{bcrypt}$2a$10$YJbogpdxBMetfPmF.PE8.OuTpKPH8SvYAvs7vN.SmYVaViNazCQxO', '12', NULL, NULL, NULL, '', '', 0, '', 0, '', NULL, '1', '2022-12-30 11:47:52', '1', '2023-06-10 15:06:24', b'0', 129);
INSERT INTO `sys_user` VALUES (123, 'tudou', '{bcrypt}$2a$10$YJbogpdxBMetfPmF.PE8.OuTpKPH8SvYAvs7vN.SmYVaViNazCQxO', '15601691234', NULL, NULL, NULL, '', '', 0, '', 0, '', NULL, '1', '2023-03-05 21:23:35', '1', '2023-06-10 15:06:26', b'0', 147);
INSERT INTO `sys_user` VALUES (124, 'tudou', '{bcrypt}$2a$10$YJbogpdxBMetfPmF.PE8.OuTpKPH8SvYAvs7vN.SmYVaViNazCQxO', '15601691234', NULL, NULL, NULL, '', '', 0, '', 0, '', NULL, '1', '2023-03-05 21:42:27', '1', '2023-06-10 15:06:28', b'0', 148);
INSERT INTO `sys_user` VALUES (125, 'admin', '{bcrypt}$2a$10$YJbogpdxBMetfPmF.PE8.OuTpKPH8SvYAvs7vN.SmYVaViNazCQxO', '秃头', NULL, NULL, NULL, '', '', 0, '', 0, '', NULL, '1', '2023-03-05 21:59:03', '1', '2023-06-10 15:06:29', b'0', 149);
INSERT INTO `sys_user` VALUES (126, 'huang', '{bcrypt}$2a$10$YJbogpdxBMetfPmF.PE8.OuTpKPH8SvYAvs7vN.SmYVaViNazCQxO', 'huang', NULL, NULL, NULL, '', '', 0, '', 0, '', NULL, '1', '2023-05-31 13:52:15', '1', '2023-06-10 15:06:32', b'0', 150);

-- ----------------------------
-- Table structure for sys_user_post
-- ----------------------------
DROP TABLE IF EXISTS `sys_user_post`;
CREATE TABLE `sys_user_post`  (
  `id` bigint(20) NOT NULL AUTO_INCREMENT COMMENT 'ID',
  `user_id` bigint(20) NOT NULL DEFAULT 0 COMMENT '用户ID',
  `post_id` bigint(20) NOT NULL DEFAULT 0 COMMENT '岗位ID',
  `creator` varchar(64) CHARACTER SET utf8mb4 COLLATE utf8mb4_unicode_ci NULL DEFAULT '' COMMENT '创建者',
  `create_time` datetime NOT NULL DEFAULT CURRENT_TIMESTAMP COMMENT '创建时间',
  `updater` varchar(64) CHARACTER SET utf8mb4 COLLATE utf8mb4_unicode_ci NULL DEFAULT '' COMMENT '更新者',
  `update_time` datetime NOT NULL DEFAULT CURRENT_TIMESTAMP ON UPDATE CURRENT_TIMESTAMP COMMENT '更新时间',
  `deleted` bit(1) NOT NULL DEFAULT b'0' COMMENT '是否删除（0正常，1删除）',
  `tenant_id` bigint(20) NOT NULL DEFAULT 0 COMMENT '租户ID',
  PRIMARY KEY (`id`) USING BTREE
) ENGINE = InnoDB AUTO_INCREMENT = 118 CHARACTER SET = utf8mb4 COLLATE = utf8mb4_unicode_ci COMMENT = '用户岗位表' ROW_FORMAT = Dynamic;

-- ----------------------------
-- Records of sys_user_post
-- ----------------------------
INSERT INTO `sys_user_post` VALUES (112, 1, 1, 'admin', '2022-05-02 07:25:24', 'admin', '2022-05-02 07:25:24', b'0', 1);
INSERT INTO `sys_user_post` VALUES (113, 100, 1, 'admin', '2022-05-02 07:25:24', 'admin', '2022-05-02 07:25:24', b'0', 1);
INSERT INTO `sys_user_post` VALUES (114, 114, 3, 'admin', '2022-05-02 07:25:24', 'admin', '2022-05-02 07:25:24', b'0', 1);
INSERT INTO `sys_user_post` VALUES (115, 104, 1, '1', '2022-05-16 19:36:28', '1', '2022-05-16 19:36:28', b'0', 1);
INSERT INTO `sys_user_post` VALUES (116, 117, 2, '1', '2022-07-09 17:40:26', '1', '2022-07-09 17:40:26', b'0', 1);
INSERT INTO `sys_user_post` VALUES (117, 118, 1, '1', '2022-07-09 17:44:44', '1', '2022-07-09 17:44:44', b'0', 1);

-- ----------------------------
-- Table structure for sys_user_role
-- ----------------------------
DROP TABLE IF EXISTS `sys_user_role`;
CREATE TABLE `sys_user_role`  (
  `id` bigint(20) NOT NULL AUTO_INCREMENT COMMENT 'ID',
  `user_id` bigint(20) NOT NULL COMMENT '用户ID',
  `role_id` bigint(20) NOT NULL COMMENT '角色ID',
  `creator` varchar(64) CHARACTER SET utf8mb4 COLLATE utf8mb4_unicode_ci NULL DEFAULT '' COMMENT '创建者',
  `create_time` datetime NULL DEFAULT CURRENT_TIMESTAMP COMMENT '创建时间',
  `updater` varchar(64) CHARACTER SET utf8mb4 COLLATE utf8mb4_unicode_ci NULL DEFAULT '' COMMENT '更新者',
  `update_time` datetime NULL DEFAULT CURRENT_TIMESTAMP ON UPDATE CURRENT_TIMESTAMP COMMENT '更新时间',
  `deleted` bit(1) NULL DEFAULT b'0' COMMENT '是否删除（0正常，1删除）',
  `tenant_id` bigint(20) NOT NULL DEFAULT 0 COMMENT '租户ID',
  PRIMARY KEY (`id`) USING BTREE
) ENGINE = InnoDB AUTO_INCREMENT = 32 CHARACTER SET = utf8mb4 COLLATE = utf8mb4_unicode_ci COMMENT = '用户和角色关联表' ROW_FORMAT = Dynamic;

-- ----------------------------
-- Records of sys_user_role
-- ----------------------------
INSERT INTO `sys_user_role` VALUES (1, 1, 1, '', '2022-01-11 13:19:45', '', '2022-05-12 12:35:17', b'0', 1);
INSERT INTO `sys_user_role` VALUES (2, 2, 2, '', '2022-01-11 13:19:45', '', '2022-05-12 12:35:13', b'0', 1);
INSERT INTO `sys_user_role` VALUES (4, 100, 101, '', '2022-01-11 13:19:45', '', '2022-05-12 12:35:13', b'0', 1);
INSERT INTO `sys_user_role` VALUES (5, 100, 1, '', '2022-01-11 13:19:45', '', '2022-05-12 12:35:12', b'0', 1);
INSERT INTO `sys_user_role` VALUES (6, 100, 2, '', '2022-01-11 13:19:45', '', '2022-05-12 12:35:11', b'0', 1);
INSERT INTO `sys_user_role` VALUES (10, 103, 1, '1', '2022-01-11 13:19:45', '1', '2022-01-11 13:19:45', b'0', 1);
INSERT INTO `sys_user_role` VALUES (11, 107, 106, '1', '2022-02-20 22:59:33', '1', '2022-02-20 22:59:33', b'0', 118);
INSERT INTO `sys_user_role` VALUES (12, 108, 107, '1', '2022-02-20 23:00:50', '1', '2022-02-20 23:00:50', b'0', 119);
INSERT INTO `sys_user_role` VALUES (13, 109, 108, '1', '2022-02-20 23:11:50', '1', '2022-02-20 23:11:50', b'0', 120);
INSERT INTO `sys_user_role` VALUES (14, 110, 109, '1', '2022-02-22 00:56:14', '1', '2022-02-22 00:56:14', b'0', 121);
INSERT INTO `sys_user_role` VALUES (15, 111, 110, '110', '2022-02-23 13:14:38', '110', '2022-02-23 13:14:38', b'0', 121);
INSERT INTO `sys_user_role` VALUES (16, 113, 111, '1', '2022-03-07 21:37:58', '1', '2022-03-07 21:37:58', b'0', 122);
INSERT INTO `sys_user_role` VALUES (17, 114, 101, '1', '2022-03-19 21:51:13', '1', '2022-03-19 21:51:13', b'0', 1);
INSERT INTO `sys_user_role` VALUES (18, 1, 2, '1', '2022-05-12 20:39:29', '1', '2022-05-12 20:39:29', b'0', 1);
INSERT INTO `sys_user_role` VALUES (19, 116, 113, '1', '2022-05-17 10:07:10', '1', '2022-05-17 10:07:10', b'0', 124);
INSERT INTO `sys_user_role` VALUES (20, 104, 101, '1', '2022-05-28 15:43:57', '1', '2022-05-28 15:43:57', b'0', 1);
INSERT INTO `sys_user_role` VALUES (22, 115, 2, '1', '2022-07-21 22:08:30', '1', '2022-07-21 22:08:30', b'0', 1);
INSERT INTO `sys_user_role` VALUES (23, 119, 114, '1', '2022-12-30 11:32:04', '1', '2022-12-30 11:32:04', b'0', 125);
INSERT INTO `sys_user_role` VALUES (24, 120, 115, '1', '2022-12-30 11:33:42', '1', '2022-12-30 11:33:42', b'0', 126);
INSERT INTO `sys_user_role` VALUES (25, 121, 116, '1', '2022-12-30 11:33:49', '1', '2022-12-30 11:33:49', b'0', 127);
INSERT INTO `sys_user_role` VALUES (26, 122, 118, '1', '2022-12-30 11:47:53', '1', '2022-12-30 11:47:53', b'0', 129);
INSERT INTO `sys_user_role` VALUES (27, 112, 101, '1', '2023-02-09 23:18:51', '1', '2023-02-09 23:18:51', b'0', 1);
INSERT INTO `sys_user_role` VALUES (28, 123, 136, '1', '2023-03-05 21:23:35', '1', '2023-03-05 21:23:35', b'0', 147);
INSERT INTO `sys_user_role` VALUES (29, 124, 137, '1', '2023-03-05 21:42:27', '1', '2023-03-05 21:42:27', b'0', 148);
INSERT INTO `sys_user_role` VALUES (30, 125, 138, '1', '2023-03-05 21:59:03', '1', '2023-03-05 21:59:03', b'0', 149);
INSERT INTO `sys_user_role` VALUES (31, 126, 139, '1', '2023-05-31 13:52:15', '1', '2023-05-31 13:52:15', b'0', 150);

SET FOREIGN_KEY_CHECKS = 1;
